,Tarih,Şimdi_x,Açılış_x,Yüksek_x,Düşük_x,Hac._x,Fark %_x
0,02.01.2020,"1.159,32","1.149,03","1.159,32","1.145,66","2,41B","1,32%"
1,03.01.2020,"1.136,84","1.151,43","1.155,71","1.126,17","2,93B","-1,94%"
2,06.01.2020,"1.114,13","1.125,32","1.129,73","1.112,12","2,04B","-2,00%"
3,07.01.2020,"1.126,00","1.125,94","1.133,87","1.123,48","1,78B","1,07%"
4,08.01.2020,"1.128,76","1.109,61","1.133,42","1.107,46","2,33B","0,25%"
5,09.01.2020,"1.179,90","1.152,36","1.181,45","1.152,36","3,43B","4,53%"
6,10.01.2020,"1.186,64","1.182,51","1.191,40","1.177,01","3,28B","0,57%"
7,13.01.2020,"1.202,49","1.195,95","1.209,00","1.195,95","2,88B","1,34%"
8,14.01.2020,"1.214,23","1.203,93","1.215,04","1.195,75","2,57B","0,98%"
9,15.01.2020,"1.209,39","1.212,33","1.218,04","1.204,42","3,38B","-0,40%"
10,16.01.2020,"1.210,01","1.213,78","1.224,82","1.207,63","3,21B","0,05%"
11,17.01.2020,"1.214,75","1.216,19","1.218,74","1.205,97","2,09B","0,39%"
12,20.01.2020,"1.226,20","1.218,79","1.229,26","1.218,79","2,28B","0,94%"
13,21.01.2020,"1.235,56","1.218,87","1.238,04","1.215,04","2,80B","0,76%"
14,22.01.2020,"1.227,47","1.242,16","1.245,37","1.223,69","2,61B","-0,65%"
15,23.01.2020,"1.225,40","1.223,92","1.234,57","1.221,88","2,16B","-0,17%"
16,24.01.2020,"1.221,42","1.236,94","1.239,36","1.207,61","2,37B","-0,32%"
17,27.01.2020,"1.201,50","1.207,12","1.216,74","1.200,00","2,36B","-1,63%"
18,28.01.2020,"1.198,02","1.208,16","1.211,09","1.194,03","2,31B","-0,29%"
19,29.01.2020,"1.196,89","1.205,86","1.207,41","1.195,06","2,25B","-0,09%"
20,30.01.2020,"1.198,50","1.192,31","1.198,72","1.182,56","2,10B","0,13%"
21,31.01.2020,"1.191,40","1.200,96","1.203,18","1.191,40","2,69B","-0,59%"
22,03.02.2020,"1.192,43","1.194,37","1.197,84","1.187,62","2,38B","0,09%"
23,04.02.2020,"1.221,36","1.204,76","1.222,20","1.201,59","2,36B","2,43%"
24,05.02.2020,"1.223,21","1.224,17","1.236,29","1.219,06","2,82B","0,15%"
25,06.02.2020,"1.222,84","1.227,12","1.238,45","1.219,92","2,66B","-0,03%"
26,07.02.2020,"1.210,15","1.224,76","1.228,12","1.209,13","2,14B","-1,04%"
27,10.02.2020,"1.183,42","1.204,59","1.211,90","1.166,48","2,79B","-2,21%"
28,11.02.2020,"1.197,98","1.195,05","1.200,78","1.174,51","2,69B","1,23%"
29,12.02.2020,"1.200,49","1.199,40","1.213,70","1.192,29","3,00B","0,21%"
30,13.02.2020,"1.205,41","1.200,00","1.208,12","1.194,72","2,21B","0,41%"
31,14.02.2020,"1.201,51","1.210,82","1.215,81","1.200,49","2,31B","-0,32%"
32,17.02.2020,"1.207,92","1.209,82","1.212,42","1.205,61","2,56B","0,53%"
33,18.02.2020,"1.195,74","1.204,51","1.204,51","1.191,45","2,57B","-1,01%"
34,19.02.2020,"1.191,96","1.200,36","1.204,65","1.185,71","2,08B","-0,32%"
35,20.02.2020,"1.156,42","1.192,89","1.193,50","1.149,21","2,65B","-2,98%"
36,21.02.2020,"1.168,29","1.150,89","1.174,15","1.144,53","2,60B","1,03%"
37,24.02.2020,"1.147,89","1.149,84","1.149,84","1.134,63","1,97B","-1,75%"
38,25.02.2020,"1.143,65","1.156,26","1.159,92","1.138,50","2,51B","-0,37%"
39,26.02.2020,"1.151,71","1.142,82","1.153,53","1.131,47","2,28B","0,70%"
40,27.02.2020,"1.104,18","1.139,76","1.144,64","1.104,18","2,54B","-4,13%"
41,28.02.2020,"1.059,94","993,32","1.077,60","993,32","1,79B","-4,01%"
42,02.03.2020,"1.073,10","1.083,79","1.094,05","1.064,25","1,70B","1,24%"
43,03.03.2020,"1.112,07","1.089,97","1.112,07","1.088,81","1,84B","3,63%"
44,04.03.2020,"1.107,85","1.109,59","1.128,99","1.106,78","2,19B","-0,38%"
45,05.03.2020,"1.118,15","1.125,05","1.131,07","1.114,03","1,56B","0,93%"
46,06.03.2020,"1.096,01","1.116,54","1.123,45","1.087,75","1,50B","-1,98%"
47,09.03.2020,"1.035,24","1.065,40","1.065,85","1.019,95","1,59B","-5,54%"
48,10.03.2020,"1.010,63","1.060,21","1.068,57","1.010,22","1,82B","-2,38%"
49,11.03.2020,"1.009,66","1.004,16","1.028,39","988,06","1,86B","-0,10%"
50,12.03.2020,"936,39","984,48","990,27","928,54","1,74B","-7,26%"
51,13.03.2020,"956,05","936,58","988,56","916,44","2,26B","2,10%"
52,16.03.2020,"878,88","922,64","922,64","868,53","1,39B","-8,07%"
53,17.03.2020,"867,78","889,23","889,49","819,36","2,07B","-1,26%"
54,18.03.2020,"855,77","847,77","878,25","843,03","1,67B","-1,38%"
55,19.03.2020,"851,95","849,40","868,79","840,72","1,77B","-0,45%"
56,20.03.2020,"857,96","872,17","880,93","850,05","1,61B","0,71%"
57,23.03.2020,"842,46","830,44","865,87","825,28","1,79B","-1,81%"
58,24.03.2020,"892,86","875,71","896,38","870,50","1,94B","5,98%"
59,25.03.2020,"890,63","905,19","919,59","881,23","2,64B","-0,25%"
60,26.03.2020,"915,28","889,60","918,07","884,81","2,39B","2,77%"
61,27.03.2020,"881,25","918,34","922,99","881,25","2,11B","-3,72%"
62,30.03.2020,"880,59","879,37","888,12","868,15","1,43B","-0,07%"
63,31.03.2020,"896,44","892,79","902,69","886,42","1,93B","1,80%"
64,01.04.2020,"890,85","882,86","903,99","878,89","2,54B","-0,62%"
65,02.04.2020,"895,11","897,48","904,09","880,82","2,38B","0,48%"
66,03.04.2020,"895,53","896,14","899,69","890,43","1,57B","0,05%"
67,06.04.2020,"920,71","909,89","921,58","906,31","1,79B","2,81%"
68,07.04.2020,"923,82","931,74","947,79","923,82","2,82B","0,34%"
69,08.04.2020,"932,25","924,82","932,75","918,03","1,69B","0,91%"
70,09.04.2020,"958,34","942,75","958,34","936,29","2,85B","2,80%"
71,10.04.2020,"964,71","962,01","974,83","953,52","2,23B","0,66%"
72,13.04.2020,"963,99","954,63","973,12","950,19","1,99B","-0,07%"
73,14.04.2020,"985,50","974,91","986,30","972,73","2,40B","2,23%"
74,15.04.2020,"958,55","989,45","990,44","946,02","2,44B","-2,73%"
75,16.04.2020,"962,49","967,06","970,65","953,30","2,09B","0,41%"
76,17.04.2020,"981,80","982,87","987,59","976,01","2,33B","2,01%"
77,20.04.2020,"989,46","986,62","992,67","980,68","2,21B","0,78%"
78,21.04.2020,"976,19","983,68","985,03","972,76","2,23B","-1,34%"
79,22.04.2020,"981,71","981,29","989,62","978,97","2,29B","0,57%"
80,24.04.2020,"987,59","984,49","994,97","979,29","2,24B","0,60%"
81,27.04.2020,"1.012,67","1.000,86","1.013,61","1.000,86","2,56B","2,54%"
82,28.04.2020,"1.007,07","1.015,43","1.019,18","1.006,21","2,48B","-0,55%"
83,29.04.2020,"1.015,95","1.012,12","1.017,43","1.005,79","2,14B","0,88%"
84,30.04.2020,"1.011,10","1.019,96","1.023,28","993,60","2,32B","-0,48%"
85,04.05.2020,"988,42","1.002,54","1.002,54","983,06","1,70B","-2,24%"
86,05.05.2020,"987,38","996,34","997,91","978,80","2,04B","-0,11%"
87,06.05.2020,"985,71","988,86","992,80","980,69","2,28B","-0,17%"
88,07.05.2020,"983,99","985,80","992,73","978,00","2,39B","-0,17%"
89,08.05.2020,"978,45","989,03","995,14","976,72","2,60B","-0,56%"
90,11.05.2020,"977,92","984,20","986,41","977,92","2,09B","-0,05%"
91,12.05.2020,"996,16","979,26","997,08","977,40","2,54B","1,87%"
92,13.05.2020,"1.001,59","997,05","1.008,65","994,43","2,39B","0,55%"
93,14.05.2020,"991,93","1.000,08","1.003,81","984,94","2,33B","-0,96%"
94,15.05.2020,"997,68","996,78","1.008,13","996,78","1,88B","0,58%"
95,18.05.2020,"1.019,83","1.008,97","1.022,25","1.008,97","2,42B","2,22%"
96,20.05.2020,"1.021,58","1.024,92","1.029,98","1.019,68","2,07B","0,17%"
97,21.05.2020,"1.026,49","1.022,24","1.032,27","1.021,49","2,06B","0,48%"
98,22.05.2020,"1.030,24","1.024,54","1.033,07","1.020,14","1,57B","0,37%"
99,27.05.2020,"1.049,54","1.037,98","1.054,95","1.037,98","2,55B","1,87%"
100,28.05.2020,"1.053,60","1.055,56","1.062,92","1.045,35","2,68B","0,39%"
101,29.05.2020,"1.055,20","1.051,83","1.056,69","1.046,71","2,85B","0,15%"
102,01.06.2020,"1.072,66","1.064,81","1.073,72","1.063,57","2,84B","1,65%"
103,02.06.2020,"1.080,97","1.077,88","1.084,84","1.070,99","3,03B","0,77%"
104,03.06.2020,"1.091,11","1.089,26","1.092,31","1.083,27","2,90B","0,94%"
105,04.06.2020,"1.095,37","1.093,84","1.098,53","1.087,79","2,92B","0,39%"
106,05.06.2020,"1.100,22","1.101,43","1.106,02","1.095,46","2,00B","0,44%"
107,08.06.2020,"1.096,37","1.103,32","1.110,43","1.092,48","2,52B","-0,35%"
108,09.06.2020,"1.092,37","1.099,45","1.103,30","1.084,56","2,84B","-0,36%"
109,10.06.2020,"1.097,79","1.096,00","1.104,10","1.093,92","3,51B","0,50%"
110,11.06.2020,"1.091,55","1.093,74","1.101,58","1.087,45","3,45B","-0,57%"
111,12.06.2020,"1.098,35","1.084,85","1.101,27","1.078,33","2,88B","0,62%"
112,15.06.2020,"1.095,56","1.093,93","1.100,67","1.087,16","2,98B","-0,25%"
113,16.06.2020,"1.109,40","1.108,15","1.118,75","1.107,06","3,73B","1,26%"
114,17.06.2020,"1.109,40","1.112,81","1.116,15","1.104,14","3,20B","0,00%"
115,18.06.2020,"1.124,95","1.111,17","1.126,76","1.111,17","4,05B","1,40%"
116,19.06.2020,"1.136,12","1.135,61","1.143,38","1.128,58","4,89B","0,99%"
117,22.06.2020,"1.151,90","1.147,01","1.154,47","1.142,67","4,31B","1,39%"
118,23.06.2020,"1.153,39","1.156,17","1.162,79","1.150,60","4,70B","0,13%"
119,24.06.2020,"1.144,49","1.153,69","1.156,27","1.143,33","4,25B","-0,77%"
120,25.06.2020,"1.141,39","1.143,92","1.149,75","1.134,20","3,64B","-0,27%"
121,26.06.2020,"1.146,68","1.151,17","1.153,55","1.143,89","3,09B","0,46%"
122,29.06.2020,"1.158,43","1.147,76","1.160,15","1.144,32","3,74B","1,02%"
123,30.06.2020,"1.165,25","1.164,26","1.169,71","1.161,47","5,39B","0,59%"
124,01.07.2020,"1.153,15","1.171,68","1.173,58","1.151,23","5,28B","-1,04%"
125,02.07.2020,"1.169,08","1.158,44","1.171,78","1.157,46","4,35B","1,38%"
126,03.07.2020,"1.157,48","1.173,16","1.173,91","1.153,12","4,56B","-0,99%"
127,06.07.2020,"1.184,85","1.166,74","1.185,12","1.166,74","4,54B","2,36%"
128,07.07.2020,"1.193,39","1.187,92","1.197,45","1.170,75","7,67B","0,72%"
129,08.07.2020,"1.187,13","1.196,03","1.202,03","1.185,77","5,92B","-0,52%"
130,09.07.2020,"1.157,94","1.193,49","1.196,86","1.156,34","5,27B","-2,46%"
131,10.07.2020,"1.148,09","1.154,51","1.154,51","1.128,29","5,03B","-0,85%"
132,13.07.2020,"1.183,99","1.162,62","1.183,99","1.161,26","4,46B","3,13%"
133,14.07.2020,"1.177,41","1.181,14","1.186,58","1.170,02","5,17B","-0,56%"
134,16.07.2020,"1.188,08","1.187,35","1.194,51","1.186,85","3,86B","0,91%"
135,17.07.2020,"1.187,86","1.188,65","1.191,61","1.183,61","2,83B","-0,02%"
136,20.07.2020,"1.192,81","1.188,44","1.197,47","1.185,83","3,55B","0,42%"
137,21.07.2020,"1.180,42","1.201,71","1.205,86","1.171,60","4,74B","-1,04%"
138,22.07.2020,"1.180,80","1.188,16","1.193,72","1.175,36","5,16B","0,03%"
139,23.07.2020,"1.190,31","1.187,14","1.196,72","1.185,85","3,51B","0,81%"
140,24.07.2020,"1.192,02","1.185,01","1.192,02","1.182,21","3,17B","0,14%"
141,27.07.2020,"1.195,67","1.199,57","1.203,42","1.194,35","2,73B","0,31%"
142,28.07.2020,"1.152,70","1.197,10","1.198,16","1.152,70","4,09B","-3,59%"
143,29.07.2020,"1.135,55","1.156,04","1.159,74","1.120,96","4,35B","-1,49%"
144,30.07.2020,"1.126,90","1.137,17","1.137,17","1.124,60","1,40B","-0,76%"
145,04.08.2020,"1.087,16","1.140,39","1.143,26","1.064,91","4,29B","-3,53%"
146,05.08.2020,"1.091,80","1.095,29","1.100,56","1.066,13","4,57B","0,43%"
147,06.08.2020,"1.034,40","1.090,61","1.093,68","1.033,82","5,07B","-5,26%"
148,07.08.2020,"1.060,59","1.030,33","1.062,07","985,38","6,04B","2,53%"
149,10.08.2020,"1.075,52","1.055,58","1.078,94","1.039,00","3,80B","1,41%"
150,11.08.2020,"1.110,05","1.082,24","1.112,44","1.082,24","4,70B","3,21%"
151,12.08.2020,"1.114,18","1.114,90","1.119,29","1.096,46","4,62B","0,37%"
152,13.08.2020,"1.100,26","1.119,48","1.125,92","1.095,84","3,87B","-1,25%"
153,14.08.2020,"1.083,83","1.093,52","1.096,18","1.077,32","3,14B","-1,49%"
154,17.08.2020,"1.086,20","1.085,52","1.090,16","1.077,29","2,79B","0,22%"
155,18.08.2020,"1.092,46","1.087,75","1.100,59","1.084,47","2,63B","0,58%"
156,19.08.2020,"1.124,71","1.099,41","1.125,80","1.099,41","4,00B","2,95%"
157,20.08.2020,"1.126,80","1.124,97","1.131,70","1.113,93","4,22B","0,19%"
158,21.08.2020,"1.109,88","1.132,90","1.141,32","1.106,71","5,66B","-1,50%"
159,24.08.2020,"1.108,44","1.111,21","1.118,11","1.106,23","3,09B","-0,13%"
160,25.08.2020,"1.092,16","1.114,05","1.118,24","1.083,14","3,13B","-1,47%"
161,26.08.2020,"1.099,02","1.090,10","1.104,65","1.085,99","3,17B","0,63%"
162,27.08.2020,"1.108,93","1.107,55","1.111,60","1.102,01","2,90B","0,90%"
163,28.08.2020,"1.100,55","1.112,88","1.113,55","1.094,84","2,91B","-0,76%"
164,31.08.2020,"1.078,61","1.101,78","1.102,38","1.076,07","2,92B","-1,99%"
165,01.09.2020,"1.085,19","1.081,66","1.086,29","1.064,42","2,79B","0,61%"
166,02.09.2020,"1.083,91","1.086,09","1.091,30","1.079,83","2,61B","-0,12%"
167,03.09.2020,"1.076,34","1.085,88","1.091,11","1.074,34","2,35B","-0,70%"
168,04.09.2020,"1.086,32","1.075,57","1.090,03","1.072,80","2,59B","0,93%"
169,07.09.2020,"1.096,81","1.089,54","1.097,77","1.089,54","2,27B","0,97%"
170,08.09.2020,"1.089,60","1.101,56","1.102,80","1.085,23","2,39B","-0,66%"
171,09.09.2020,"1.099,68","1.089,39","1.099,81","1.087,49","3,33B","0,93%"
172,10.09.2020,"1.099,06","1.101,01","1.105,98","1.093,58","4,10B","-0,06%"
173,11.09.2020,"1.102,70","1.100,75","1.104,76","1.096,79","2,84B","0,33%"
174,14.09.2020,"1.107,29","1.105,31","1.110,34","1.103,41","3,09B","0,42%"
175,15.09.2020,"1.111,24","1.110,55","1.118,70","1.096,65","3,42B","0,36%"
176,16.09.2020,"1.107,11","1.113,54","1.116,57","1.104,69","2,15B","-0,37%"
177,17.09.2020,"1.110,66","1.105,74","1.110,66","1.100,27","2,66B","0,32%"
178,18.09.2020,"1.111,96","1.112,68","1.115,82","1.109,57","2,69B","0,12%"
179,21.09.2020,"1.087,03","1.111,82","1.115,14","1.085,73","3,29B","-2,24%"
180,22.09.2020,"1.096,16","1.088,67","1.097,51","1.084,93","2,92B","0,84%"
181,23.09.2020,"1.102,65","1.101,04","1.109,81","1.098,82","2,99B","0,59%"
182,24.09.2020,"1.119,56","1.098,88","1.120,73","1.097,01","4,09B","1,53%"
183,25.09.2020,"1.124,17","1.129,03","1.135,07","1.123,76","3,99B","0,41%"
184,28.09.2020,"1.121,17","1.124,68","1.130,68","1.116,34","3,34B","-0,27%"
185,29.09.2020,"1.123,25","1.123,65","1.132,27","1.112,39","3,80B","0,19%"
186,30.09.2020,"1.145,24","1.128,96","1.146,73","1.128,96","4,31B","1,96%"
187,01.10.2020,"1.143,51","1.150,07","1.155,38","1.142,77","3,51B","-0,15%"
188,02.10.2020,"1.145,03","1.138,91","1.150,35","1.137,55","3,45B","0,13%"
189,05.10.2020,"1.160,71","1.150,79","1.161,03","1.150,79","2,54B","1,37%"
190,06.10.2020,"1.153,71","1.165,12","1.170,48","1.153,71","3,71B","-0,60%"
191,07.10.2020,"1.152,41","1.150,10","1.156,88","1.147,43","3,25B","-0,11%"
192,08.10.2020,"1.150,49","1.156,74","1.159,41","1.143,33","3,16B","-0,17%"
193,09.10.2020,"1.165,70","1.152,78","1.166,50","1.150,97","3,66B","1,32%"
194,12.10.2020,"1.178,35","1.169,16","1.181,57","1.169,12","4,25B","1,09%"
195,13.10.2020,"1.174,70","1.180,98","1.181,57","1.170,79","3,91B","-0,31%"
196,14.10.2020,"1.189,29","1.177,08","1.189,66","1.172,59","5,86B","1,24%"
197,15.10.2020,"1.180,43","1.188,41","1.191,52","1.175,20","4,41B","-0,74%"
198,16.10.2020,"1.192,73","1.184,97","1.193,83","1.183,08","3,95B","1,04%"
199,19.10.2020,"1.205,37","1.195,46","1.209,47","1.195,46","4,24B","1,06%"
200,20.10.2020,"1.210,41","1.208,24","1.213,65","1.202,35","4,24B","0,42%"
201,21.10.2020,"1.211,51","1.220,88","1.222,95","1.209,31","4,13B","0,09%"
202,22.10.2020,"1.198,32","1.213,64","1.216,03","1.196,58","5,67B","-1,09%"
203,23.10.2020,"1.190,63","1.200,38","1.204,55","1.179,46","4,40B","-0,64%"
204,26.10.2020,"1.144,45","1.183,61","1.183,61","1.141,58","5,59B","-3,88%"
205,27.10.2020,"1.152,63","1.143,89","1.157,87","1.133,73","5,15B","0,71%"
206,28.10.2020,"1.126,99","1.150,10","1.152,61","1.126,99","2,52B","-2,22%"
207,30.10.2020,"1.112,37","1.120,85","1.120,85","1.095,72","6,60B","-1,30%"
208,02.11.2020,"1.133,59","1.119,72","1.143,45","1.117,68","5,57B","1,91%"
209,03.11.2020,"1.150,71","1.138,60","1.155,96","1.122,64","4,44B","1,51%"
210,04.11.2020,"1.167,65","1.155,48","1.170,94","1.154,00","4,69B","1,47%"
211,05.11.2020,"1.180,02","1.172,77","1.184,61","1.165,83","4,97B","1,06%"
212,06.11.2020,"1.191,96","1.180,49","1.192,24","1.177,05","4,68B","1,01%"
213,09.11.2020,"1.231,54","1.214,42","1.235,30","1.211,16","5,96B","3,32%"
214,10.11.2020,"1.243,00","1.226,73","1.244,37","1.218,83","5,13B","0,93%"
215,11.11.2020,"1.279,22","1.249,87","1.284,62","1.248,43","8,66B","2,91%"
216,12.11.2020,"1.271,75","1.284,52","1.303,81","1.262,58","8,86B","-0,58%"
217,13.11.2020,"1.291,29","1.277,06","1.292,83","1.272,76","5,39B","1,54%"
218,16.11.2020,"1.292,99","1.304,70","1.309,98","1.291,48","4,34B","0,13%"
219,17.11.2020,"1.259,72","1.291,65","1.293,01","1.259,69","4,56B","-2,57%"
220,18.11.2020,"1.294,72","1.264,06","1.294,72","1.264,06","6,31B","2,78%"
221,19.11.2020,"1.313,02","1.293,73","1.325,70","1.277,69","9,46B","1,41%"
222,20.11.2020,"1.323,95","1.315,69","1.328,33","1.315,59","4,81B","0,83%"
223,23.11.2020,"1.314,25","1.329,29","1.336,14","1.299,27","5,84B","-0,73%"
224,24.11.2020,"1.320,98","1.323,16","1.334,26","1.308,69","6,99B","0,51%"
225,25.11.2020,"1.325,47","1.330,07","1.341,91","1.323,42","5,58B","0,34%"
226,26.11.2020,"1.342,49","1.334,67","1.343,93","1.326,06","4,25B","1,28%"
227,27.11.2020,"1.328,73","1.348,47","1.351,65","1.324,72","5,61B","-1,02%"
228,30.11.2020,"1.283,58","1.314,43","1.316,52","1.283,58","5,12B","-3,40%"
229,01.12.2020,"1.325,29","1.302,25","1.325,29","1.287,62","4,61B","3,25%"
230,02.12.2020,"1.325,49","1.326,76","1.338,95","1.318,39","4,57B","0,02%"
231,03.12.2020,"1.330,85","1.327,62","1.335,77","1.315,52","5,74B","0,40%"
232,04.12.2020,"1.330,87","1.331,62","1.337,88","1.326,20","5,30B","0,00%"
233,07.12.2020,"1.329,90","1.329,96","1.336,68","1.326,13","4,88B","-0,07%"
234,08.12.2020,"1.339,89","1.331,63","1.348,30","1.331,63","5,31B","0,75%"
235,09.12.2020,"1.350,32","1.342,42","1.360,63","1.342,42","5,51B","0,78%"
236,10.12.2020,"1.353,36","1.353,39","1.366,78","1.346,52","5,90B","0,23%"
237,11.12.2020,"1.370,70","1.351,84","1.371,00","1.342,58","5,15B","1,28%"
238,14.12.2020,"1.388,55","1.378,19","1.394,58","1.378,19","4,63B","1,30%"
239,15.12.2020,"1.395,40","1.392,74","1.399,86","1.385,19","5,28B","0,49%"
240,16.12.2020,"1.392,45","1.404,25","1.409,78","1.384,98","5,02B","-0,21%"
241,17.12.2020,"1.399,36","1.403,10","1.406,10","1.392,47","4,45B","0,50%"
242,18.12.2020,"1.408,32","1.398,26","1.410,32","1.396,03","4,46B","0,64%"
243,21.12.2020,"1.384,43","1.401,65","1.401,65","1.368,58","5,00B","-1,70%"
244,22.12.2020,"1.404,97","1.393,57","1.410,82","1.391,69","4,51B","1,48%"
245,23.12.2020,"1.417,66","1.409,15","1.420,77","1.409,15","5,13B","0,90%"
246,24.12.2020,"1.426,00","1.420,15","1.432,28","1.415,35","5,26B","0,59%"
247,25.12.2020,"1.426,03","1.429,07","1.438,49","1.422,71","2,63B","0,00%"
248,28.12.2020,"1.439,29","1.431,67","1.442,79","1.431,67","2,98B","0,93%"
249,29.12.2020,"1.459,69","1.442,97","1.459,69","1.436,21","3,42B","1,42%"
250,30.12.2020,"1.479,91","1.463,07","1.483,16","1.463,07","4,19B","1,39%"
251,31.12.2020,"1.476,72","1.480,81","1.484,37","1.470,28","3,42B","-0,22%"
252,04.01.2021,"1.495,43","1.482,17","1.500,01","1.478,70","5,17B","1,27%"
253,05.01.2021,"1.489,56","1.492,19","1.506,89","1.474,76","6,66B","-0,39%"
254,06.01.2021,"1.505,42","1.501,61","1.509,49","1.497,09","5,33B","1,06%"
255,07.01.2021,"1.522,24","1.511,60","1.522,70","1.505,70","6,18B","1,12%"
256,08.01.2021,"1.540,61","1.526,51","1.542,75","1.519,80","5,50B","1,21%"
257,11.01.2021,"1.536,19","1.539,96","1.557,45","1.522,25","5,41B","-0,29%"
258,12.01.2021,"1.549,53","1.549,04","1.556,35","1.537,38","5,17B","0,87%"
259,13.01.2021,"1.559,28","1.559,77","1.567,88","1.545,26","4,88B","0,63%"
260,14.01.2021,"1.546,60","1.567,11","1.568,06","1.542,17","4,81B","-0,81%"
261,15.01.2021,"1.524,49","1.536,82","1.547,84","1.516,14","4,76B","-1,43%"
262,18.01.2021,"1.556,77","1.525,45","1.558,81","1.508,90","4,68B","2,12%"
263,19.01.2021,"1.565,01","1.569,56","1.578,30","1.561,02","4,84B","0,53%"
264,20.01.2021,"1.569,35","1.573,37","1.574,30","1.552,10","4,56B","0,28%"
265,21.01.2021,"1.551,57","1.578,03","1.582,04","1.551,57","5,61B","-1,13%"
266,22.01.2021,"1.542,45","1.551,47","1.555,59","1.525,93","4,69B","-0,59%"
267,25.01.2021,"1.540,21","1.556,57","1.560,13","1.536,97","4,81B","-0,15%"
268,26.01.2021,"1.536,11","1.538,03","1.548,61","1.516,81","5,30B","-0,27%"
269,27.01.2021,"1.467,00","1.536,13","1.541,01","1.467,00","5,79B","-4,50%"
270,28.01.2021,"1.498,32","1.453,37","1.498,43","1.431,32","5,83B","2,13%"
271,29.01.2021,"1.473,45","1.485,21","1.495,54","1.469,55","4,51B","-1,66%"
272,01.02.2021,"1.492,45","1.484,86","1.500,88","1.471,54","3,82B","1,29%"
273,02.02.2021,"1.511,43","1.505,09","1.517,53","1.500,04","4,77B","1,27%"
274,03.02.2021,"1.533,55","1.520,70","1.533,55","1.509,18","5,13B","1,46%"
275,04.02.2021,"1.534,90","1.537,65","1.544,63","1.530,82","4,22B","0,09%"
276,05.02.2021,"1.527,17","1.544,79","1.549,51","1.527,17","3,82B","-0,50%"
277,08.02.2021,"1.534,91","1.540,22","1.542,44","1.519,00","6,52B","0,51%"
278,09.02.2021,"1.544,05","1.538,53","1.551,83","1.535,59","5,43B","0,60%"
279,10.02.2021,"1.547,11","1.553,41","1.556,70","1.536,44","3,95B","0,20%"
280,11.02.2021,"1.545,59","1.548,69","1.558,08","1.543,67","3,34B","-0,10%"
281,12.02.2021,"1.538,44","1.542,50","1.548,69","1.526,72","3,02B","-0,46%"
282,15.02.2021,"1.562,49","1.551,12","1.565,83","1.547,38","2,96B","1,56%"
283,16.02.2021,"1.542,82","1.569,12","1.575,70","1.522,08","5,63B","-1,26%"
284,17.02.2021,"1.540,59","1.550,49","1.553,41","1.529,93","5,05B","-0,14%"
285,18.02.2021,"1.546,41","1.548,04","1.562,83","1.544,22","4,68B","0,38%"
286,19.02.2021,"1.560,34","1.551,54","1.567,42","1.550,14","4,24B","0,90%"
287,22.02.2021,"1.550,61","1.563,08","1.569,84","1.547,49","4,05B","-0,62%"
288,23.02.2021,"1.517,86","1.558,03","1.560,29","1.515,25","5,10B","-2,11%"
289,24.02.2021,"1.483,02","1.506,53","1.523,19","1.483,02","4,25B","-2,30%"
290,25.02.2021,"1.488,21","1.510,32","1.514,81","1.460,36","4,43B","0,35%"
291,26.02.2021,"1.471,39","1.457,18","1.480,04","1.443,17","3,71B","-1,13%"
292,01.03.2021,"1.527,45","1.491,88","1.527,45","1.491,13","3,24B","3,81%"
293,02.03.2021,"1.528,82","1.526,36","1.537,46","1.518,51","4,70B","0,09%"
294,03.03.2021,"1.531,05","1.538,80","1.553,96","1.526,54","4,18B","0,15%"
295,04.03.2021,"1.538,04","1.527,07","1.542,65","1.523,20","3,30B","0,46%"
296,05.03.2021,"1.541,98","1.534,40","1.546,08","1.528,47","3,40B","0,26%"
297,08.03.2021,"1.530,27","1.549,62","1.553,81","1.526,58","3,56B","-0,76%"
298,09.03.2021,"1.549,15","1.542,04","1.553,23","1.534,99","3,05B","1,23%"
299,10.03.2021,"1.564,94","1.551,30","1.565,97","1.551,30","3,00B","1,02%"
300,11.03.2021,"1.556,49","1.574,58","1.580,03","1.551,88","3,10B","-0,54%"
301,12.03.2021,"1.557,39","1.558,33","1.561,65","1.549,31","2,62B","0,06%"
302,15.03.2021,"1.555,47","1.558,78","1.566,39","1.553,49","2,09B","-0,12%"
303,16.03.2021,"1.570,42","1.561,41","1.572,91","1.557,54","2,17B","0,96%"
304,17.03.2021,"1.562,11","1.574,78","1.589,47","1.562,11","2,85B","-0,53%"
305,18.03.2021,"1.550,93","1.567,79","1.574,56","1.548,24","3,57B","-0,72%"
306,19.03.2021,"1.528,99","1.548,53","1.553,93","1.511,29","3,19B","-1,41%"
307,22.03.2021,"1.379,25","1.491,99","1.491,99","1.378,56","1,96B","-9,79%"
308,23.03.2021,"1.377,43","1.335,76","1.402,99","1.256,32","5,74B","-0,13%"
309,24.03.2021,"1.413,86","1.377,37","1.421,93","1.371,72","4,12B","2,64%"
310,25.03.2021,"1.394,36","1.416,99","1.432,62","1.394,19","3,51B","-1,38%"
311,26.03.2021,"1.382,15","1.409,20","1.412,35","1.359,15","2,95B","-0,88%"
312,29.03.2021,"1.392,57","1.385,74","1.398,89","1.382,47","2,67B","0,75%"
313,30.03.2021,"1.395,79","1.392,84","1.400,77","1.371,43","3,35B","0,23%"
314,31.03.2021,"1.391,73","1.397,47","1.403,75","1.389,86","2,34B","-0,29%"
315,01.04.2021,"1.426,56","1.399,34","1.426,56","1.399,34","3,17B","2,50%"
316,02.04.2021,"1.430,19","1.434,91","1.438,88","1.423,51","2,19B","0,25%"
317,05.04.2021,"1.442,06","1.428,99","1.443,02","1.428,88","2,56B","0,83%"
318,06.04.2021,"1.420,59","1.442,88","1.445,13","1.419,66","2,65B","-1,49%"
319,07.04.2021,"1.417,89","1.420,94","1.422,48","1.402,36","2,78B","-0,19%"
320,08.04.2021,"1.416,55","1.422,22","1.430,34","1.415,06","2,10B","-0,09%"
321,09.04.2021,"1.393,24","1.413,18","1.414,95","1.373,65","2,87B","-1,65%"
322,12.04.2021,"1.375,91","1.393,47","1.398,12","1.374,67","2,30B","-1,24%"
323,13.04.2021,"1.378,37","1.380,11","1.386,36","1.352,74","2,86B","0,18%"
324,14.04.2021,"1.409,19","1.380,71","1.409,19","1.380,71","2,63B","2,24%"
325,15.04.2021,"1.407,76","1.409,76","1.418,52","1.398,28","4,19B","-0,10%"
326,16.04.2021,"1.408,14","1.405,50","1.412,56","1.400,49","2,32B","0,03%"
327,19.04.2021,"1.377,23","1.409,85","1.416,03","1.377,23","2,49B","-2,20%"
328,20.04.2021,"1.365,27","1.376,37","1.385,88","1.357,26","2,56B","-0,87%"
329,21.04.2021,"1.330,48","1.363,87","1.365,50","1.308,52","2,31B","-2,55%"
330,22.04.2021,"1.345,15","1.320,16","1.345,50","1.309,23","2,09B","1,10%"
331,26.04.2021,"1.374,00","1.343,85","1.374,00","1.343,58","1,95B","2,14%"
332,27.04.2021,"1.392,00","1.381,73","1.397,61","1.381,73","1,87B","1,31%"
333,28.04.2021,"1.385,91","1.391,47","1.394,64","1.379,93","1,69B","-0,44%"
334,29.04.2021,"1.401,52","1.390,92","1.406,51","1.390,92","1,55B","1,13%"
335,30.04.2021,"1.397,82","1.399,05","1.405,91","1.396,49","1,84B","-0,26%"
336,03.05.2021,"1.421,15","1.400,15","1.421,15","1.400,15","1,95B","1,67%"
337,04.05.2021,"1.416,25","1.423,21","1.428,07","1.411,00","2,28B","-0,34%"
338,05.05.2021,"1.420,00","1.419,58","1.425,04","1.409,33","1,79B","0,26%"
339,06.05.2021,"1.427,73","1.422,56","1.434,72","1.422,56","2,29B","0,54%"
340,07.05.2021,"1.441,33","1.432,25","1.444,79","1.423,39","4,00B","0,95%"
341,10.05.2021,"1.460,90","1.448,99","1.462,47","1.447,91","2,49B","1,36%"
342,11.05.2021,"1.444,87","1.447,96","1.455,89","1.438,38","2,48B","-1,10%"
343,12.05.2021,"1.441,33","1.441,41","1.444,98","1.437,66","922,31M","-0,25%"
344,17.05.2021,"1.454,25","1.446,96","1.455,48","1.445,61","1,99B","0,90%"
345,18.05.2021,"1.459,57","1.461,15","1.465,56","1.459,57","2,16B","0,37%"
346,20.05.2021,"1.449,82","1.451,87","1.454,81","1.439,36","2,33B","-0,67%"
347,21.05.2021,"1.451,84","1.456,44","1.462,28","1.449,28","1,97B","0,14%"
348,24.05.2021,"1.452,18","1.453,69","1.457,77","1.441,70","2,02B","0,02%"
349,25.05.2021,"1.400,22","1.457,48","1.459,26","1.400,22","3,34B","-3,58%"
350,26.05.2021,"1.427,06","1.413,12","1.427,06","1.392,87","2,65B","1,92%"
351,27.05.2021,"1.415,03","1.426,55","1.428,87","1.411,46","2,54B","-0,84%"
352,28.05.2021,"1.422,06","1.413,12","1.422,80","1.401,25","2,10B","0,50%"
353,31.05.2021,"1.420,49","1.423,09","1.427,44","1.414,32","2,04B","-0,11%"
354,01.06.2021,"1.432,04","1.424,47","1.433,55","1.423,00","2,08B","0,81%"
355,02.06.2021,"1.430,73","1.420,40","1.434,79","1.418,77","2,23B","-0,09%"
356,03.06.2021,"1.428,13","1.434,72","1.441,15","1.411,52","2,64B","-0,18%"
357,04.06.2021,"1.432,93","1.428,91","1.435,24","1.427,40","1,87B","0,34%"
358,07.06.2021,"1.447,08","1.433,96","1.450,55","1.432,64","1,97B","0,99%"
359,08.06.2021,"1.447,59","1.447,49","1.453,90","1.443,39","1,95B","0,04%"
360,09.06.2021,"1.449,17","1.449,85","1.453,36","1.445,69","2,04B","0,11%"
361,10.06.2021,"1.456,68","1.453,24","1.461,97","1.449,64","2,40B","0,52%"
362,11.06.2021,"1.460,86","1.461,22","1.464,49","1.455,39","2,23B","0,29%"
363,14.06.2021,"1.454,25","1.466,57","1.468,95","1.450,67","1,85B","-0,45%"
364,15.06.2021,"1.442,56","1.451,06","1.456,56","1.431,70","2,81B","-0,80%"
365,16.06.2021,"1.431,31","1.441,36","1.444,79","1.431,31","1,74B","-0,78%"
366,17.06.2021,"1.414,15","1.423,00","1.429,23","1.413,58","2,11B","-1,20%"
367,18.06.2021,"1.391,06","1.417,95","1.422,29","1.388,71","2,10B","-1,63%"
368,21.06.2021,"1.398,52","1.388,20","1.398,52","1.378,34","1,86B","0,54%"
369,22.06.2021,"1.409,85","1.402,88","1.411,44","1.394,25","1,75B","0,81%"
370,23.06.2021,"1.402,35","1.415,44","1.419,77","1.401,32","2,10B","-0,53%"
371,24.06.2021,"1.410,79","1.405,26","1.416,14","1.405,17","1,77B","0,60%"
372,25.06.2021,"1.391,86","1.413,99","1.414,88","1.391,69","1,50B","-1,34%"
373,28.06.2021,"1.373,25","1.395,16","1.397,55","1.368,24","2,04B","-1,34%"
374,29.06.2021,"1.371,67","1.371,96","1.374,74","1.351,64","1,95B","-0,12%"
375,30.06.2021,"1.356,34","1.374,94","1.376,71","1.352,23","1,85B","-1,12%"
376,01.07.2021,"1.372,78","1.358,20","1.372,78","1.358,20","1,35B","1,21%"
377,02.07.2021,"1.376,67","1.376,88","1.379,79","1.367,68","1,31B","0,28%"
378,05.07.2021,"1.392,64","1.375,97","1.392,64","1.375,72","1,34B","1,16%"
379,06.07.2021,"1.382,58","1.394,72","1.399,90","1.382,58","1,79B","-0,72%"
380,07.07.2021,"1.390,58","1.384,57","1.392,84","1.383,97","1,55B","0,58%"
381,08.07.2021,"1.372,98","1.387,74","1.390,89","1.372,54","1,55B","-1,27%"
382,09.07.2021,"1.378,28","1.374,44","1.381,74","1.371,53","1,46B","0,39%"
383,12.07.2021,"1.356,96","1.378,63","1.382,45","1.355,23","1,64B","-1,55%"
384,13.07.2021,"1.346,84","1.358,27","1.360,14","1.341,52","1,38B","-0,75%"
385,14.07.2021,"1.367,25","1.349,22","1.368,98","1.349,22","1,15B","1,52%"
386,16.07.2021,"1.363,28","1.370,32","1.373,63","1.356,95","999,35M","-0,29%"
387,19.07.2021,"1.351,59","1.357,93","1.357,93","1.348,39","498,07M","-0,86%"
388,26.07.2021,"1.349,11","1.355,54","1.362,57","1.345,52","1,48B","-0,18%"
389,27.07.2021,"1.359,55","1.348,08","1.360,50","1.341,93","1,49B","0,77%"
390,28.07.2021,"1.360,75","1.358,79","1.367,63","1.355,23","1,41B","0,09%"
391,29.07.2021,"1.391,64","1.370,52","1.393,37","1.370,52","1,63B","2,27%"
392,30.07.2021,"1.392,91","1.383,25","1.392,91","1.380,02","1,84B","0,09%"
393,02.08.2021,"1.399,65","1.397,98","1.405,63","1.394,66","2,22B","0,48%"
394,03.08.2021,"1.408,81","1.402,26","1.409,36","1.394,27","2,33B","0,65%"
395,04.08.2021,"1.413,80","1.411,90","1.422,34","1.411,90","1,99B","0,35%"
396,05.08.2021,"1.431,78","1.409,05","1.431,78","1.407,56","2,07B","1,27%"
397,06.08.2021,"1.434,76","1.433,60","1.440,53","1.425,06","1,87B","0,21%"
398,09.08.2021,"1.432,61","1.436,85","1.443,29","1.431,75","1,85B","-0,15%"
399,10.08.2021,"1.437,46","1.429,51","1.441,81","1.426,47","1,93B","0,34%"
400,11.08.2021,"1.410,87","1.438,92","1.439,48","1.409,81","2,14B","-1,85%"
401,12.08.2021,"1.444,46","1.419,69","1.447,63","1.419,69","2,03B","2,38%"
402,13.08.2021,"1.447,64","1.444,82","1.449,25","1.440,09","1,39B","0,22%"
403,16.08.2021,"1.455,25","1.451,33","1.461,96","1.451,33","2,05B","0,53%"
404,17.08.2021,"1.461,69","1.454,14","1.461,69","1.449,58","1,88B","0,44%"
405,18.08.2021,"1.449,59","1.465,81","1.467,16","1.448,48","2,13B","-0,83%"
406,19.08.2021,"1.439,86","1.441,38","1.445,74","1.433,85","1,74B","-0,67%"
407,20.08.2021,"1.444,63","1.439,62","1.449,27","1.432,40","1,63B","0,33%"
408,23.08.2021,"1.459,33","1.454,91","1.463,07","1.453,68","1,72B","1,02%"
409,24.08.2021,"1.465,89","1.465,18","1.472,46","1.463,91","1,66B","0,45%"
410,25.08.2021,"1.453,30","1.465,28","1.471,43","1.451,92","1,86B","-0,86%"
411,26.08.2021,"1.448,52","1.456,00","1.463,79","1.445,17","1,71B","-0,33%"
412,27.08.2021,"1.458,23","1.450,87","1.458,23","1.444,11","1,59B","0,67%"
413,31.08.2021,"1.472,07","1.467,18","1.474,47","1.463,01","1,89B","0,95%"
414,01.09.2021,"1.474,13","1.475,62","1.478,96","1.468,42","1,66B","0,14%"
415,02.09.2021,"1.479,12","1.474,85","1.484,95","1.472,05","1,53B","0,34%"
416,03.09.2021,"1.468,67","1.480,35","1.482,11","1.464,80","1,77B","-0,71%"
417,06.09.2021,"1.474,72","1.469,75","1.478,73","1.469,75","1,70B","0,41%"
418,07.09.2021,"1.454,74","1.474,21","1.476,33","1.454,74","1,85B","-1,35%"
419,08.09.2021,"1.433,85","1.454,83","1.457,27","1.432,54","1,95B","-1,44%"
420,09.09.2021,"1.452,67","1.430,98","1.452,67","1.427,77","1,69B","1,31%"
421,10.09.2021,"1.438,72","1.455,46","1.457,10","1.437,62","1,51B","-0,96%"
422,13.09.2021,"1.438,28","1.439,75","1.447,96","1.433,75","1,60B","-0,03%"
423,14.09.2021,"1.434,43","1.440,67","1.443,50","1.428,96","1,74B","-0,27%"
424,15.09.2021,"1.423,97","1.433,86","1.440,90","1.420,38","1,61B","-0,73%"
425,16.09.2021,"1.418,03","1.423,95","1.434,74","1.412,78","1,54B","-0,42%"
426,17.09.2021,"1.419,43","1.424,04","1.427,07","1.412,23","1,54B","0,10%"
427,20.09.2021,"1.391,91","1.407,67","1.407,67","1.386,33","1,74B","-1,94%"
428,21.09.2021,"1.385,61","1.400,84","1.403,76","1.383,35","1,70B","-0,45%"
429,22.09.2021,"1.407,46","1.393,25","1.407,46","1.385,48","1,50B","1,58%"
430,23.09.2021,"1.401,46","1.409,28","1.417,45","1.394,35","2,68B","-0,43%"
431,24.09.2021,"1.384,68","1.397,36","1.397,36","1.376,01","2,03B","-1,20%"
432,27.09.2021,"1.391,74","1.393,19","1.397,71","1.380,81","1,68B","0,51%"
433,28.09.2021,"1.383,77","1.391,44","1.393,38","1.379,13","1,87B","-0,57%"
434,29.09.2021,"1.391,92","1.392,13","1.396,67","1.389,85","1,72B","0,59%"
435,30.09.2021,"1.406,39","1.393,64","1.409,19","1.386,09","2,07B","1,04%"
436,01.10.2021,"1.401,46","1.398,93","1.407,79","1.394,55","1,53B","-0,35%"
437,04.10.2021,"1.394,37","1.402,73","1.407,84","1.394,37","1,58B","-0,51%"
438,05.10.2021,"1.391,65","1.396,11","1.396,44","1.388,54","1,67B","-0,20%"
439,06.10.2021,"1.371,69","1.390,72","1.392,40","1.371,54","2,27B","-1,43%"
440,07.10.2021,"1.396,92","1.385,05","1.397,93","1.385,05","2,05B","1,84%"
441,08.10.2021,"1.398,00","1.398,04","1.404,60","1.393,56","1,93B","0,08%"
442,11.10.2021,"1.416,30","1.401,59","1.419,70","1.401,59","1,70B","1,31%"
443,12.10.2021,"1.416,82","1.409,42","1.423,02","1.408,01","2,14B","0,04%"
444,13.10.2021,"1.413,54","1.421,31","1.432,13","1.408,21","2,56B","-0,23%"
445,14.10.2021,"1.411,75","1.412,17","1.422,44","1.407,88","1,78B","-0,13%"
446,15.10.2021,"1.409,56","1.417,45","1.421,69","1.397,15","2,61B","-0,16%"
447,18.10.2021,"1.417,70","1.411,38","1.419,22","1.407,87","2,05B","0,58%"
448,19.10.2021,"1.429,85","1.423,81","1.434,67","1.423,81","1,91B","0,86%"
449,20.10.2021,"1.432,80","1.432,24","1.437,93","1.427,67","2,21B","0,21%"
450,21.10.2021,"1.455,42","1.433,29","1.455,42","1.417,21","3,43B","1,58%"
451,22.10.2021,"1.479,93","1.456,07","1.484,89","1.453,97","2,71B","1,68%"
452,25.10.2021,"1.492,93","1.474,97","1.495,10","1.470,59","3,06B","0,88%"
453,26.10.2021,"1.509,20","1.501,17","1.512,74","1.501,17","2,25B","1,09%"
454,27.10.2021,"1.519,25","1.507,77","1.520,66","1.503,03","2,93B","0,67%"
455,28.10.2021,"1.522,04","1.518,91","1.524,65","1.516,54","1,10B","0,18%"
456,01.11.2021,"1.536,32","1.522,28","1.538,52","1.516,24","2,57B","0,94%"
457,02.11.2021,"1.533,05","1.538,77","1.545,88","1.528,42","2,65B","-0,21%"
458,03.11.2021,"1.547,03","1.532,93","1.547,03","1.491,67","4,39B","0,91%"
459,04.11.2021,"1.575,67","1.562,15","1.577,36","1.562,15","4,00B","1,85%"
460,05.11.2021,"1.583,59","1.575,83","1.586,59","1.568,82","3,14B","0,50%"
461,08.11.2021,"1.608,54","1.589,43","1.609,07","1.589,23","3,18B","1,58%"
462,09.11.2021,"1.615,64","1.612,01","1.631,45","1.605,41","4,44B","0,44%"
463,10.11.2021,"1.624,09","1.618,06","1.627,22","1.603,78","3,40B","0,52%"
464,11.11.2021,"1.625,06","1.622,02","1.643,82","1.621,49","4,06B","0,06%"
465,12.11.2021,"1.638,50","1.631,43","1.642,76","1.631,43","2,83B","0,83%"
466,15.11.2021,"1.702,49","1.672,35","1.710,79","1.672,35","4,67B","3,91%"
467,16.11.2021,"1.685,60","1.715,41","1.725,02","1.681,78","4,89B","-0,99%"
468,17.11.2021,"1.707,04","1.683,10","1.712,90","1.683,10","3,38B","1,27%"
469,18.11.2021,"1.736,88","1.710,05","1.759,19","1.697,86","6,13B","1,75%"
470,19.11.2021,"1.737,33","1.748,72","1.759,06","1.727,62","3,62B","0,03%"
471,22.11.2021,"1.755,48","1.751,05","1.759,16","1.741,17","2,70B","1,04%"
472,23.11.2021,"1.784,56","1.756,71","1.791,82","1.746,36","5,64B","1,66%"
473,24.11.2021,"1.812,30","1.798,96","1.834,51","1.798,96","5,03B","1,55%"
474,25.11.2021,"1.819,23","1.816,38","1.833,76","1.805,97","3,40B","0,38%"
475,26.11.2021,"1.776,41","1.811,07","1.811,07","1.760,80","3,83B","-2,35%"
476,29.11.2021,"1.808,79","1.783,06","1.811,87","1.776,77","3,04B","1,82%"
477,30.11.2021,"1.809,65","1.807,52","1.818,79","1.797,16","3,36B","0,05%"
478,01.12.2021,"1.857,40","1.823,06","1.857,83","1.823,06","3,83B","2,64%"
479,02.12.2021,"1.880,06","1.864,14","1.882,61","1.864,14","3,63B","1,22%"
480,03.12.2021,"1.910,41","1.896,82","1.914,13","1.893,67","3,68B","1,61%"
481,06.12.2021,"1.927,39","1.917,32","1.928,14","1.898,62","3,72B","0,89%"
482,07.12.2021,"1.981,04","1.944,56","1.984,03","1.942,50","4,35B","2,78%"
483,08.12.2021,"2.004,55","1.990,03","2.012,26","1.977,85","5,53B","1,19%"
484,09.12.2021,"2.031,44","2.010,20","2.053,47","2.010,20","4,97B","1,34%"
485,10.12.2021,"2.035,48","2.033,62","2.042,93","2.000,59","4,36B","0,20%"
486,13.12.2021,"2.101,51","2.047,64","2.115,89","2.047,64","4,77B","3,24%"
487,14.12.2021,"2.157,74","2.124,06","2.157,74","2.124,06","6,27B","2,68%"
488,15.12.2021,"2.162,26","2.190,61","2.195,07","2.145,63","5,56B","0,21%"
489,16.12.2021,"2.278,55","2.183,19","2.278,55","2.175,50","5,94B","5,38%"
490,17.12.2021,"2.084,47","2.324,28","2.406,87","2.071,25","8,28B","-8,52%"
491,20.12.2021,"2.056,36","2.055,37","2.149,40","1.914,02","5,04B","-1,35%"
492,21.12.2021,"1.892,02","2.077,22","2.103,56","1.884,66","4,37B","-7,99%"
493,22.12.2021,"1.804,15","1.832,54","1.895,54","1.783,77","4,58B","-4,64%"
494,23.12.2021,"1.805,30","1.835,33","1.849,33","1.726,32","3,81B","0,06%"
495,24.12.2021,"1.891,28","1.820,67","1.891,28","1.808,93","2,53B","4,76%"
496,27.12.2021,"1.897,13","1.898,66","1.942,53","1.873,30","3,01B","0,31%"
497,28.12.2021,"1.850,48","1.913,31","1.916,17","1.830,87","2,58B","-2,46%"
498,29.12.2021,"1.895,46","1.847,29","1.901,46","1.828,60","2,57B","2,43%"
499,30.12.2021,"1.863,65","1.916,28","1.923,70","1.860,69","2,34B","-1,68%"
500,31.12.2021,"1.857,65","1.867,71","1.885,23","1.845,59","1,59B","-0,32%"
501,03.01.2022,"1.926,66","1.871,25","1.926,66","1.864,79","2,29B","3,71%"
502,04.01.2022,"1.963,59","1.941,26","1.978,12","1.925,22","3,09B","1,92%"
503,05.01.2022,"2.005,29","1.965,52","2.006,79","1.954,74","2,39B","2,12%"
504,06.01.2022,"2.007,55","1.993,06","2.021,77","1.977,66","2,93B","0,11%"
505,07.01.2022,"2.033,32","2.020,27","2.036,08","1.994,45","3,50B","1,28%"
506,10.01.2022,"2.045,16","2.049,54","2.071,81","2.045,16","3,14B","0,58%"
507,11.01.2022,"2.046,03","2.060,08","2.068,17","2.017,99","3,87B","0,04%"
508,12.01.2022,"2.064,21","2.070,35","2.074,76","2.055,66","3,25B","0,89%"
509,13.01.2022,"2.070,65","2.057,47","2.086,96","2.054,48","3,40B","0,31%"
510,14.01.2022,"2.072,93","2.071,35","2.081,07","2.049,32","3,21B","0,11%"
511,17.01.2022,"2.085,76","2.088,53","2.102,97","2.083,55","3,85B","0,62%"
512,18.01.2022,"1.979,83","2.082,81","2.086,27","1.979,83","4,15B","-5,08%"
513,19.01.2022,"2.042,08","1.978,78","2.043,99","1.959,40","4,92B","3,14%"
514,20.01.2022,"2.014,21","2.056,21","2.065,84","1.984,43","5,45B","-1,36%"
515,21.01.2022,"2.011,16","2.008,05","2.021,14","1.986,53","3,15B","-0,15%"
516,24.01.2022,"1.910,29","2.004,87","2.013,10","1.910,29","4,24B","-5,02%"
517,25.01.2022,"1.945,07","1.927,82","1.953,33","1.880,18","2,65B","1,82%"
518,26.01.2022,"1.951,17","1.951,17","1.975,25","1.945,97","2,14B","0,31%"
519,27.01.2022,"1.997,69","1.920,21","1.997,69","1.913,54","2,54B","2,38%"
520,28.01.2022,"1.983,18","2.006,79","2.019,43","1.976,68","2,83B","-0,73%"
521,31.01.2022,"2.003,20","2.004,29","2.009,39","1.992,66","2,31B","1,01%"
522,01.02.2022,"2.015,43","2.013,97","2.034,85","2.008,69","2,30B","0,61%"
523,02.02.2022,"2.002,24","2.028,88","2.032,68","1.994,31","3,06B","-0,65%"
524,03.02.2022,"1.957,90","1.995,68","2.013,64","1.949,21","2,54B","-2,21%"
525,04.02.2022,"1.943,81","1.969,73","1.974,21","1.936,97","2,07B","-0,72%"
526,07.02.2022,"1.997,58","1.943,16","1.997,58","1.908,57","2,76B","2,77%"
527,08.02.2022,"2.007,14","1.998,55","2.019,27","1.982,07","2,39B","0,48%"
528,09.02.2022,"2.042,85","2.022,53","2.046,03","2.017,38","2,52B","1,78%"
529,10.02.2022,"2.038,67","2.048,35","2.054,86","2.029,61","2,51B","-0,20%"
530,11.02.2022,"2.051,05","2.023,04","2.052,50","1.992,30","2,48B","0,61%"
531,14.02.2022,"2.001,94","2.024,95","2.026,90","1.971,11","2,99B","-2,39%"
532,15.02.2022,"2.038,16","2.008,29","2.054,78","2.006,04","2,59B","1,81%"
533,16.02.2022,"2.041,43","2.049,91","2.057,88","2.036,25","2,12B","0,16%"
534,17.02.2022,"2.009,99","2.049,74","2.059,05","2.009,99","2,58B","-1,54%"
535,18.02.2022,"2.032,44","2.025,48","2.032,44","2.004,48","1,76B","1,12%"
536,21.02.2022,"2.038,06","2.050,09","2.060,69","2.015,38","2,27B","0,28%"
537,22.02.2022,"2.017,46","2.007,03","2.032,82","1.979,94","2,68B","-1,01%"
538,23.02.2022,"2.016,03","2.034,26","2.043,39","2.016,03","2,27B","-0,07%"
539,24.02.2022,"1.851,38","1.953,15","1.953,15","1.826,83","2,43B","-8,17%"
540,25.02.2022,"1.952,40","1.883,04","1.964,99","1.866,34","3,30B","5,46%"
541,28.02.2022,"1.946,19","1.920,20","1.957,47","1.912,23","2,81B","-0,32%"
542,01.03.2022,"1.969,91","1.969,13","1.994,28","1.946,48","3,19B","1,22%"
543,02.03.2022,"1.986,09","1.974,17","1.999,76","1.961,63","2,51B","0,82%"
544,03.03.2022,"2.023,29","2.009,33","2.047,01","2.009,33","2,61B","1,87%"
545,04.03.2022,"1.990,75","2.013,91","2.024,07","1.990,75","2,90B","-1,61%"
546,07.03.2022,"1.997,33","1.982,95","2.011,63","1.963,76","3,12B","0,33%"
547,08.03.2022,"2.011,35","1.987,00","2.032,07","1.986,03","3,05B","0,70%"
548,09.03.2022,"2.042,70","2.036,27","2.054,99","2.031,48","3,15B","1,56%"
549,10.03.2022,"2.042,01","2.054,59","2.068,27","2.026,98","3,28B","-0,03%"
550,11.03.2022,"2.053,85","2.045,71","2.067,69","2.042,94","2,93B","0,58%"
551,14.03.2022,"2.088,48","2.066,36","2.092,59","2.066,23","2,70B","1,69%"
552,15.03.2022,"2.079,38","2.087,49","2.101,28","2.077,59","2,86B","-0,44%"
553,16.03.2022,"2.088,80","2.092,07","2.098,49","2.078,20","2,39B","0,45%"
554,17.03.2022,"2.133,59","2.103,99","2.136,26","2.103,99","2,75B","2,14%"
555,18.03.2022,"2.144,26","2.141,09","2.148,67","2.132,64","2,22B","0,50%"
556,21.03.2022,"2.175,03","2.160,42","2.176,33","2.152,44","2,39B","1,43%"
557,22.03.2022,"2.188,81","2.150,96","2.188,81","2.146,32","2,62B","0,63%"
558,23.03.2022,"2.183,10","2.195,45","2.203,66","2.170,41","3,00B","-0,26%"
559,24.03.2022,"2.176,20","2.187,06","2.199,16","2.171,51","2,71B","-0,32%"
560,25.03.2022,"2.175,51","2.179,50","2.195,23","2.173,64","2,11B","-0,03%"
561,28.03.2022,"2.172,48","2.180,21","2.192,92","2.170,24","2,83B","-0,14%"
562,29.03.2022,"2.206,50","2.181,76","2.220,49","2.181,76","4,04B","1,57%"
563,30.03.2022,"2.230,15","2.212,78","2.233,53","2.212,78","3,58B","1,07%"
564,31.03.2022,"2.233,30","2.236,21","2.245,03","2.220,79","3,14B","0,14%"
565,01.04.2022,"2.251,68","2.238,73","2.255,14","2.230,35","3,59B","0,82%"
566,04.04.2022,"2.311,40","2.264,47","2.311,40","2.264,47","4,60B","2,65%"
567,05.04.2022,"2.326,29","2.317,48","2.343,49","2.303,67","4,70B","0,64%"
568,06.04.2022,"2.316,40","2.328,45","2.348,17","2.308,27","3,87B","-0,43%"
569,07.04.2022,"2.345,20","2.329,06","2.350,80","2.329,06","3,55B","1,24%"
570,08.04.2022,"2.393,39","2.361,15","2.395,02","2.361,03","4,83B","2,05%"
571,11.04.2022,"2.449,11","2.402,21","2.450,16","2.400,92","6,38B","2,33%"
572,12.04.2022,"2.463,76","2.449,34","2.474,70","2.421,54","6,20B","0,60%"
573,13.04.2022,"2.460,43","2.482,66","2.497,83","2.435,14","5,35B","-0,14%"
574,14.04.2022,"2.475,41","2.480,92","2.485,32","2.461,54","4,93B","0,61%"
575,15.04.2022,"2.494,37","2.475,21","2.497,41","2.471,73","3,44B","0,77%"
576,18.04.2022,"2.510,31","2.502,65","2.515,35","2.490,57","4,57B","0,64%"
577,19.04.2022,"2.519,24","2.524,02","2.533,33","2.490,96","5,16B","0,36%"
578,20.04.2022,"2.525,93","2.525,92","2.536,49","2.502,43","4,12B","0,27%"
579,21.04.2022,"2.556,81","2.531,68","2.562,28","2.531,20","4,77B","1,22%"
580,22.04.2022,"2.472,50","2.550,11","2.561,00","2.465,51","4,81B","-3,30%"
581,25.04.2022,"2.482,60","2.471,29","2.498,77","2.427,60","4,14B","0,41%"
582,26.04.2022,"2.418,30","2.498,11","2.510,27","2.402,30","4,19B","-2,59%"
583,27.04.2022,"2.451,43","2.422,91","2.453,88","2.398,90","3,50B","1,37%"
584,28.04.2022,"2.428,42","2.460,32","2.477,94","2.427,86","3,19B","-0,94%"
585,29.04.2022,"2.430,55","2.433,34","2.442,79","2.404,69","2,97B","0,09%"
586,05.05.2022,"2.466,26","2.460,80","2.491,55","2.460,07","3,10B","1,47%"
587,06.05.2022,"2.458,72","2.460,87","2.470,61","2.433,32","2,94B","-0,31%"
588,09.05.2022,"2.465,71","2.461,94","2.480,57","2.441,59","3,00B","0,28%"
589,10.05.2022,"2.490,17","2.478,49","2.494,64","2.478,49","3,13B","0,99%"
590,11.05.2022,"2.453,94","2.498,24","2.500,89","2.428,75","3,16B","-1,45%"
591,12.05.2022,"2.390,98","2.429,00","2.430,09","2.361,77","3,51B","-2,57%"
592,13.05.2022,"2.419,23","2.416,04","2.426,94","2.397,27","2,49B","1,18%"
593,16.05.2022,"2.390,79","2.419,06","2.424,54","2.390,79","2,77B","-1,18%"
594,17.05.2022,"2.394,83","2.401,23","2.416,76","2.380,10","2,87B","0,17%"
595,18.05.2022,"2.393,61","2.390,78","2.411,57","2.382,07","2,91B","-0,05%"
596,20.05.2022,"2.372,35","2.389,75","2.407,26","2.372,35","3,08B","-0,89%"
597,23.05.2022,"2.380,90","2.392,34","2.397,91","2.346,12","3,53B","0,36%"
598,24.05.2022,"2.375,00","2.392,05","2.399,31","2.372,83","2,75B","-0,25%"
599,25.05.2022,"2.418,10","2.386,71","2.423,83","2.383,94","2,93B","1,81%"
600,26.05.2022,"2.450,84","2.422,80","2.455,73","2.421,15","3,02B","1,35%"
601,27.05.2022,"2.438,84","2.454,41","2.470,04","2.434,17","3,41B","-0,49%"
602,30.05.2022,"2.527,15","2.466,88","2.539,12","2.466,70","3,65B","3,62%"
603,31.05.2022,"2.547,09","2.538,89","2.553,51","2.527,72","4,56B","0,79%"
604,01.06.2022,"2.568,76","2.554,28","2.585,78","2.554,28","3,52B","0,85%"
605,02.06.2022,"2.601,56","2.578,72","2.603,34","2.565,09","3,27B","1,28%"
606,03.06.2022,"2.601,25","2.611,22","2.623,17","2.591,47","2,95B","-0,01%"
607,06.06.2022,"2.648,12","2.619,81","2.654,41","2.619,81","4,27B","1,80%"
608,07.06.2022,"2.648,19","2.651,15","2.656,17","2.619,53","3,77B","0,00%"
609,08.06.2022,"2.540,36","2.658,55","2.684,77","2.532,74","3,91B","-4,07%"
610,09.06.2022,"2.571,57","2.546,28","2.575,28","2.511,36","3,33B","1,23%"
611,10.06.2022,"2.543,10","2.553,48","2.597,94","2.527,59","3,33B","-1,11%"
612,13.06.2022,"2.510,14","2.540,28","2.552,17","2.506,04","2,67B","-1,30%"
613,14.06.2022,"2.508,91","2.526,73","2.533,41","2.489,82","2,47B","-0,05%"
614,15.06.2022,"2.531,11","2.514,14","2.533,81","2.501,77","2,61B","0,88%"
615,16.06.2022,"2.485,36","2.535,82","2.544,11","2.469,21","2,79B","-1,81%"
616,17.06.2022,"2.533,33","2.491,51","2.533,33","2.485,82","2,65B","1,93%"
617,20.06.2022,"2.539,20","2.548,95","2.555,10","2.511,34","2,62B","0,23%"
618,21.06.2022,"2.575,86","2.557,11","2.582,21","2.550,77","2,72B","1,44%"
619,22.06.2022,"2.574,30","2.572,18","2.586,86","2.552,05","2,42B","-0,06%"
620,23.06.2022,"2.543,21","2.576,07","2.588,68","2.533,86","2,62B","-1,21%"
621,24.06.2022,"2.554,08","2.554,76","2.570,63","2.525,17","2,51B","0,43%"
622,27.06.2022,"2.529,26","2.539,24","2.548,73","2.483,01","2,18B","-0,97%"
623,28.06.2022,"2.490,24","2.545,35","2.561,14","2.471,54","2,78B","-1,54%"
624,29.06.2022,"2.401,96","2.492,58","2.494,28","2.401,96","2,70B","-3,55%"
625,30.06.2022,"2.405,36","2.400,80","2.427,63","2.367,78","2,94B","0,14%"
626,01.07.2022,"2.443,77","2.408,64","2.452,82","2.399,54","2,05B","1,60%"
627,04.07.2022,"2.405,98","2.458,73","2.475,47","2.405,62","2,18B","-1,55%"
628,05.07.2022,"2.371,25","2.417,84","2.426,48","2.359,09","2,53B","-1,44%"
629,06.07.2022,"2.408,15","2.389,11","2.411,10","2.370,13","2,26B","1,56%"
630,07.07.2022,"2.425,56","2.412,35","2.428,62","2.403,51","1,83B","0,72%"
631,08.07.2022,"2.434,02","2.425,47","2.439,83","2.422,79","609,36M","0,35%"
632,13.07.2022,"2.408,08","2.435,49","2.440,98","2.387,89","1,92B","-1,07%"
633,14.07.2022,"2.382,44","2.407,33","2.421,18","2.375,00","2,25B","-1,06%"
634,18.07.2022,"2.451,27","2.401,91","2.451,27","2.401,91","2,15B","2,89%"
635,19.07.2022,"2.501,96","2.449,40","2.501,96","2.448,03","3,00B","2,07%"
636,20.07.2022,"2.525,20","2.514,16","2.527,46","2.499,12","2,65B","0,93%"
637,21.07.2022,"2.511,37","2.528,51","2.535,93","2.505,16","2,87B","-0,55%"
638,22.07.2022,"2.516,56","2.524,49","2.542,65","2.497,82","2,91B","0,21%"
639,25.07.2022,"2.548,49","2.520,84","2.553,13","2.520,84","2,93B","1,27%"
640,26.07.2022,"2.537,12","2.558,23","2.565,61","2.535,32","3,52B","-0,45%"
641,27.07.2022,"2.544,12","2.550,85","2.553,77","2.531,66","2,74B","0,28%"
642,28.07.2022,"2.543,33","2.567,20","2.574,38","2.537,20","3,16B","-0,03%"
643,29.07.2022,"2.592,38","2.547,95","2.593,57","2.538,51","2,73B","1,93%"
644,01.08.2022,"2.656,32","2.600,28","2.656,76","2.600,28","3,03B","2,47%"
645,02.08.2022,"2.647,59","2.662,00","2.681,43","2.639,05","3,54B","-0,33%"
646,03.08.2022,"2.684,46","2.664,83","2.684,46","2.664,83","3,47B","1,39%"
647,04.08.2022,"2.723,67","2.701,07","2.733,50","2.701,07","3,98B","1,46%"
648,05.08.2022,"2.750,49","2.729,93","2.762,95","2.707,18","5,42B","0,98%"
649,08.08.2022,"2.795,06","2.759,43","2.802,83","2.759,43","4,66B","1,62%"
650,09.08.2022,"2.785,16","2.795,36","2.807,21","2.762,28","4,15B","-0,35%"
651,10.08.2022,"2.829,58","2.779,66","2.829,62","2.764,41","4,69B","1,59%"
652,11.08.2022,"2.868,44","2.846,83","2.877,60","2.834,61","4,84B","1,37%"
653,12.08.2022,"2.864,25","2.871,82","2.896,67","2.840,99","4,55B","-0,15%"
654,15.08.2022,"2.857,18","2.875,37","2.885,34","2.844,60","3,58B","-0,25%"
655,16.08.2022,"2.913,30","2.862,20","2.913,30","2.773,06","5,57B","1,96%"
656,17.08.2022,"2.980,00","2.928,71","2.983,22","2.919,77","6,20B","2,29%"
657,18.08.2022,"3.020,01","2.979,10","3.033,81","2.924,83","6,98B","1,34%"
658,19.08.2022,"3.020,20","3.025,23","3.051,83","2.999,46","5,09B","0,01%"
659,22.08.2022,"3.062,49","3.017,82","3.083,34","3.010,69","5,53B","1,40%"
660,23.08.2022,"3.121,52","3.070,20","3.131,56","3.070,20","5,85B","1,93%"
661,24.08.2022,"3.060,30","3.133,19","3.148,82","3.056,76","5,58B","-1,96%"
662,25.08.2022,"3.136,77","3.076,10","3.145,92","3.074,81","6,17B","2,50%"
663,26.08.2022,"3.146,10","3.149,43","3.188,07","3.104,90","7,92B","0,30%"
664,29.08.2022,"3.164,96","3.145,17","3.174,02","3.110,60","5,18B","0,60%"
665,31.08.2022,"3.171,21","3.178,28","3.198,99","3.160,04","5,65B","0,20%"
666,01.09.2022,"3.142,74","3.168,41","3.182,95","3.125,47","6,46B","-0,90%"
667,02.09.2022,"3.222,74","3.166,49","3.228,88","3.159,81","6,33B","2,55%"
668,05.09.2022,"3.358,37","3.247,88","3.367,31","3.247,88","7,20B","4,21%"
669,06.09.2022,"3.391,38","3.381,68","3.448,93","3.298,62","9,06B","0,98%"
670,07.09.2022,"3.402,81","3.401,76","3.424,37","3.338,13","7,01B","0,34%"
671,08.09.2022,"3.437,41","3.428,31","3.505,65","3.420,01","7,52B","1,02%"
672,09.09.2022,"3.521,38","3.465,10","3.545,86","3.452,23","6,47B","2,44%"
673,12.09.2022,"3.649,21","3.557,67","3.650,07","3.543,92","7,36B","3,63%"
674,13.09.2022,"3.426,88","3.684,23","3.715,28","3.426,88","8,39B","-6,09%"
675,14.09.2022,"3.446,96","3.419,07","3.446,96","3.277,43","4,60B","0,59%"
676,15.09.2022,"3.363,12","3.456,44","3.494,38","3.355,15","5,31B","-2,43%"
677,16.09.2022,"3.377,33","3.349,58","3.398,62","3.317,53","5,52B","0,42%"
678,19.09.2022,"3.199,54","3.382,95","3.393,66","3.199,54","4,21B","-5,26%"
679,20.09.2022,"3.277,50","3.221,08","3.280,42","3.149,68","5,63B","2,44%"
680,21.09.2022,"3.245,76","3.269,45","3.295,74","3.225,03","4,48B","-0,97%"
681,22.09.2022,"3.295,27","3.247,30","3.320,01","3.236,99","4,66B","1,53%"
682,23.09.2022,"3.281,61","3.303,54","3.330,37","3.275,57","3,47B","-0,41%"
683,26.09.2022,"3.260,15","3.282,61","3.309,95","3.222,21","4,07B","-0,65%"
684,27.09.2022,"3.265,64","3.270,53","3.319,14","3.256,46","6,15B","0,17%"
685,28.09.2022,"3.198,16","3.257,96","3.283,94","3.198,16","3,76B","-2,07%"
686,29.09.2022,"3.146,89","3.218,87","3.240,78","3.048,67","4,52B","-1,60%"
687,30.09.2022,"3.179,99","3.151,32","3.180,11","3.129,74","3,50B","1,05%"
688,03.10.2022,"3.392,13","3.195,81","3.392,13","3.195,81","4,43B","6,67%"
689,04.10.2022,"3.458,03","3.435,55","3.480,91","3.400,39","5,26B","1,94%"
690,05.10.2022,"3.484,42","3.486,70","3.508,46","3.425,38","4,63B","0,76%"
691,06.10.2022,"3.553,85","3.519,85","3.565,47","3.507,75","4,33B","1,99%"
692,07.10.2022,"3.567,60","3.563,85","3.589,24","3.546,07","3,74B","0,39%"
693,10.10.2022,"3.582,03","3.574,09","3.601,87","3.564,80","3,45B","0,40%"
694,11.10.2022,"3.571,55","3.590,26","3.605,95","3.563,20","3,95B","-0,29%"
695,12.10.2022,"3.517,75","3.576,84","3.591,37","3.510,86","3,56B","-1,51%"
696,13.10.2022,"3.553,43","3.529,78","3.577,79","3.521,60","3,37B","1,01%"
697,14.10.2022,"3.626,96","3.584,94","3.640,55","3.584,94","3,48B","2,07%"
698,17.10.2022,"3.847,62","3.641,40","3.854,13","3.641,40","5,87B","6,08%"
699,18.10.2022,"3.841,56","3.877,90","3.927,17","3.805,45","6,35B","-0,16%"
700,19.10.2022,"3.880,34","3.851,41","3.916,91","3.844,48","6,03B","1,01%"
701,20.10.2022,"3.900,85","3.889,76","3.942,54","3.877,84","6,56B","0,53%"
702,21.10.2022,"3.934,63","3.905,29","3.952,22","3.888,38","4,59B","0,87%"
703,24.10.2022,"3.977,51","3.946,13","4.008,80","3.939,73","4,16B","1,09%"
704,25.10.2022,"3.975,01","3.983,35","4.011,08","3.928,17","5,49B","-0,06%"
705,26.10.2022,"3.976,36","3.989,65","4.015,62","3.958,79","4,12B","0,03%"
706,27.10.2022,"3.934,52","3.978,01","3.990,14","3.906,26","4,15B","-1,05%"
707,28.10.2022,"3.878,98","3.929,46","3.929,76","3.877,55","1,62B","-1,41%"
708,31.10.2022,"3.978,96","3.884,64","3.982,25","3.880,87","3,73B","2,58%"
709,01.11.2022,"4.054,67","3.987,44","4.100,23","3.987,44","4,48B","1,90%"
710,02.11.2022,"4.071,87","4.059,18","4.098,56","4.040,11","4,35B","0,42%"
711,03.11.2022,"4.105,46","4.078,24","4.116,49","4.055,89","3,88B","0,82%"
712,04.11.2022,"4.216,98","4.131,13","4.233,58","4.131,13","4,86B","2,72%"
713,07.11.2022,"4.331,66","4.230,14","4.338,88","4.230,14","6,21B","2,72%"
714,08.11.2022,"4.360,28","4.336,41","4.412,18","4.297,49","6,70B","0,66%"
715,09.11.2022,"4.360,96","4.369,65","4.426,62","4.332,95","5,65B","0,02%"
716,10.11.2022,"4.467,10","4.367,76","4.498,30","4.364,24","5,62B","2,43%"
717,11.11.2022,"4.455,53","4.541,44","4.552,44","4.428,35","5,43B","-0,26%"
718,14.11.2022,"4.570,20","4.451,86","4.571,16","4.449,80","5,48B","2,57%"
719,15.11.2022,"4.657,00","4.632,16","4.686,57","4.534,68","7,23B","1,90%"
720,16.11.2022,"4.668,52","4.702,30","4.784,01","4.650,52","7,85B","0,25%"
721,17.11.2022,"4.507,24","4.686,54","4.686,54","4.446,58","5,82B","-3,45%"
722,18.11.2022,"4.526,73","4.465,59","4.555,58","4.456,57","4,80B","0,43%"
723,21.11.2022,"4.570,32","4.503,10","4.570,32","4.463,53","5,16B","0,96%"
724,22.11.2022,"4.780,74","4.566,81","4.780,74","4.566,81","6,38B","4,60%"
725,23.11.2022,"4.854,16","4.803,88","4.864,81","4.727,83","6,51B","1,54%"
726,24.11.2022,"4.858,21","4.880,46","4.939,73","4.794,21","7,26B","0,08%"
727,25.11.2022,"4.874,34","4.857,09","4.891,36","4.807,59","5,82B","0,33%"
728,28.11.2022,"4.923,23","4.906,40","4.970,36","4.854,27","6,20B","1,00%"
729,29.11.2022,"4.962,48","4.942,83","4.988,20","4.817,31","5,43B","0,80%"
730,30.11.2022,"4.977,64","4.925,54","4.988,68","4.922,88","5,48B","0,31%"
731,01.12.2022,"5.046,19","5.046,30","5.091,68","5.001,72","5,54B","1,38%"
732,02.12.2022,"4.962,97","5.054,48","5.054,48","4.912,84","4,83B","-1,65%"
733,05.12.2022,"4.957,77","4.993,74","5.010,57","4.883,73","5,49B","-0,10%"
734,06.12.2022,"5.000,14","4.946,62","5.032,57","4.910,25","5,37B","0,85%"
735,07.12.2022,"4.827,04","5.001,97","5.014,57","4.773,38","5,45B","-3,46%"
736,08.12.2022,"4.855,92","4.823,33","4.859,27","4.711,43","4,74B","0,60%"
737,09.12.2022,"5.005,30","4.875,22","5.015,23","4.871,28","4,46B","3,08%"
738,12.12.2022,"5.193,30","5.057,53","5.222,55","5.057,53","6,91B","3,76%"
739,13.12.2022,"5.256,19","5.212,58","5.299,33","5.179,82","6,52B","1,21%"
740,14.12.2022,"5.066,50","5.274,94","5.302,14","5.041,71","8,36B","-3,61%"
741,15.12.2022,"5.188,82","5.174,41","5.247,84","5.050,36","6,52B","2,41%"
742,16.12.2022,"5.214,29","5.211,76","5.258,97","5.154,58","6,29B","0,49%"
743,19.12.2022,"5.391,91","5.270,61","5.403,98","5.267,74","7,20B","3,41%"
744,20.12.2022,"5.419,02","5.408,80","5.445,92","5.344,29","6,99B","0,50%"
745,21.12.2022,"5.429,13","5.449,30","5.491,10","5.412,74","5,94B","0,19%"
746,22.12.2022,"5.447,23","5.462,18","5.515,67","5.398,43","4,76B","0,33%"
747,23.12.2022,"5.454,79","5.415,43","5.457,23","5.370,80","4,07B","0,14%"
748,26.12.2022,"5.504,09","5.516,87","5.549,43","5.480,45","3,82B","0,90%"
749,27.12.2022,"5.434,51","5.512,91","5.513,56","5.428,49","4,02B","-1,26%"
750,28.12.2022,"5.345,61","5.443,83","5.450,33","5.258,48","4,13B","-1,64%"
751,29.12.2022,"5.476,92","5.347,71","5.476,92","5.331,77","3,54B","2,46%"
752,30.12.2022,"5.509,16","5.510,78","5.562,98","5.489,20","4,32B","0,59%"
753,02.01.2023,"5.661,10","5.568,43","5.661,49","5.568,43","4,83B","2,76%"
754,03.01.2023,"5.626,57","5.697,61","5.704,83","5.610,43","5,46B","-0,61%"
755,04.01.2023,"5.523,49","5.646,62","5.651,74","5.478,79","4,99B","-1,83%"
756,05.01.2023,"5.116,41","5.555,99","5.566,98","5.116,41","4,51B","-7,37%"
757,06.01.2023,"5.341,96","5.120,96","5.420,38","4.961,31","5,33B","4,41%"
758,09.01.2023,"5.170,97","5.401,57","5.416,73","5.123,66","4,32B","-3,20%"
759,10.01.2023,"4.987,99","5.168,59","5.187,43","4.947,37","3,96B","-3,54%"
760,11.01.2023,"4.728,88","5.005,61","5.091,32","4.728,88","3,95B","-5,19%"
761,12.01.2023,"4.970,71","4.849,57","4.977,33","4.601,25","5,01B","5,11%"
762,13.01.2023,"4.984,86","4.952,37","5.073,28","4.925,56","3,86B","0,28%"
763,16.01.2023,"5.207,67","5.013,16","5.207,67","4.981,39","4,09B","4,47%"
764,17.01.2023,"5.315,03","5.223,45","5.338,93","5.194,37","5,13B","2,06%"
765,18.01.2023,"5.384,17","5.337,16","5.424,23","5.310,73","4,79B","1,30%"
766,19.01.2023,"5.422,37","5.371,28","5.452,80","5.348,68","3,95B","0,71%"
767,20.01.2023,"5.490,34","5.444,03","5.507,71","5.426,58","4,79B","1,25%"
768,23.01.2023,"5.404,43","5.514,00","5.568,97","5.351,61","4,64B","-1,56%"
769,24.01.2023,"5.366,52","5.396,99","5.438,71","5.244,17","4,07B","-0,70%"
770,25.01.2023,"5.297,77","5.403,74","5.419,30","5.103,30","3,92B","-1,28%"
771,26.01.2023,"5.231,02","5.291,91","5.315,90","5.200,51","3,38B","-1,26%"
772,27.01.2023,"5.191,83","5.198,30","5.229,00","5.020,54","3,59B","-0,75%"
773,30.01.2023,"5.096,29","5.201,07","5.232,63","5.096,29","3,00B","-1,84%"
774,31.01.2023,"4.976,55","5.076,89","5.111,74","4.955,48","3,70B","-2,35%"
775,01.02.2023,"4.713,39","4.998,82","5.014,88","4.713,39","3,20B","-5,29%"
776,02.02.2023,"4.752,24","4.720,15","4.870,66","4.479,69","5,01B","0,82%"
777,03.02.2023,"4.997,63","4.754,57","4.997,63","4.727,23","4,14B","5,16%"
778,06.02.2023,"4.930,18","4.879,46","4.991,68","4.748,25","818,42M","-1,35%"
779,07.02.2023,"4.505,34","4.903,85","4.903,85","4.484,66","2,25B","-8,62%"
780,08.02.2023,"4.505,34","4.186,01","4.505,34","4.186,01",,"0,00%"
781,15.02.2023,"4.950,47","4.769,15","4.951,04","4.769,15","1,37B","9,88%"
782,16.02.2023,"5.008,58","5.311,35","5.320,40","4.943,47","3,22B","1,17%"
783,17.02.2023,"5.026,83","4.937,65","5.081,81","4.897,37","2,36B","0,36%"
784,20.02.2023,"5.148,93","5.051,64","5.173,44","5.014,44","2,80B","2,43%"
785,21.02.2023,"5.149,39","5.150,24","5.264,83","5.136,41","3,37B","0,01%"
786,22.02.2023,"5.071,41","5.163,29","5.174,91","5.047,46","3,00B","-1,51%"
787,23.02.2023,"5.086,20","5.057,43","5.117,76","5.044,19","3,09B","0,29%"
788,24.02.2023,"5.058,75","5.088,48","5.114,49","5.054,18","3,67B","-0,54%"
789,27.02.2023,"5.197,44","5.076,41","5.204,09","4.980,06","3,78B","2,74%"
790,28.02.2023,"5.237,33","5.229,30","5.265,69","5.180,25","3,65B","0,77%"
791,01.03.2023,"5.322,65","5.258,74","5.350,71","5.253,89","3,39B","1,63%"
792,02.03.2023,"5.261,41","5.319,22","5.352,08","5.256,81","3,64B","-1,15%"
793,03.03.2023,"5.212,38","5.244,71","5.298,39","5.054,44","3,75B","-0,93%"
794,06.03.2023,"5.392,31","5.244,17","5.428,34","5.221,93","4,32B","3,45%"
795,07.03.2023,"5.381,90","5.438,61","5.497,81","5.377,36","4,19B","-0,19%"
796,08.03.2023,"5.438,38","5.378,88","5.442,24","5.341,18","4,28B","1,05%"
797,09.03.2023,"5.446,22","5.457,89","5.503,09","5.431,57","4,64B","0,14%"
798,10.03.2023,"5.384,56","5.396,68","5.453,85","5.375,90","3,77B","-1,13%"
799,13.03.2023,"5.323,19","5.414,87","5.429,33","5.283,02","3,35B","-1,14%"
800,14.03.2023,"5.207,32","5.331,39","5.347,89","5.207,32","3,22B","-2,18%"
801,15.03.2023,"5.121,57","5.224,40","5.239,45","5.065,31","3,41B","-1,65%"
802,16.03.2023,"5.229,58","5.155,49","5.230,70","5.129,83","2,41B","2,11%"
803,17.03.2023,"5.136,44","5.277,70","5.291,94","5.136,44","2,93B","-1,78%"
804,20.03.2023,"4.975,47","5.119,58","5.137,07","4.971,10","2,83B","-3,13%"
805,21.03.2023,"4.906,63","4.986,26","5.019,89","4.890,44","2,72B","-1,38%"
806,22.03.2023,"5.001,06","4.931,72","5.001,06","4.890,90","2,31B","1,92%"
807,23.03.2023,"5.061,99","4.997,21","5.061,99","4.983,70","2,35B","1,22%"
808,24.03.2023,"5.031,98","5.078,56","5.117,37","5.000,23","2,10B","-0,59%"
809,27.03.2023,"4.997,80","5.064,79","5.074,03","4.997,80","1,99B","-0,68%"
810,28.03.2023,"4.811,45","5.003,68","5.004,99","4.811,45","2,30B","-3,73%"
811,29.03.2023,"4.943,18","4.803,11","4.945,96","4.752,91","2,40B","2,74%"
812,30.03.2023,"4.896,07","4.926,41","5.000,21","4.880,77","2,60B","-0,95%"
813,31.03.2023,"4.812,93","4.876,23","4.881,75","4.790,68","2,58B","-1,70%"
814,03.04.2023,"4.839,46","4.806,40","4.851,69","4.680,46","2,50B","0,55%"
815,04.04.2023,"4.984,11","4.842,42","4.988,55","4.830,55","2,27B","2,99%"
816,05.04.2023,"4.919,87","4.997,01","5.028,81","4.919,87","2,21B","-1,29%"
817,06.04.2023,"4.912,81","4.920,26","4.970,32","4.890,55","1,67B","-0,14%"
818,07.04.2023,"4.924,64","4.921,33","4.955,45","4.899,46","1,78B","0,24%"
819,10.04.2023,"5.092,31","4.956,02","5.102,42","4.956,02","2,46B","3,40%"
820,11.04.2023,"5.124,25","5.110,78","5.143,53","5.082,05","3,05B","0,63%"
821,12.04.2023,"5.146,11","5.128,03","5.198,39","5.121,09","2,90B","0,43%"
822,13.04.2023,"5.135,55","5.164,86","5.195,50","5.131,93","2,60B","-0,21%"
823,14.04.2023,"5.092,88","5.143,38","5.176,58","5.092,88","2,07B","-0,83%"
824,17.04.2023,"5.059,35","5.112,01","5.138,08","5.057,48","1,91B","-0,66%"
825,18.04.2023,"5.018,70","5.076,16","5.105,06","5.011,89","1,92B","-0,80%"
826,19.04.2023,"5.061,22","5.026,36","5.093,06","4.975,48","2,12B","0,85%"
827,20.04.2023,"5.012,34","5.037,42","5.037,46","4.997,53","1,05B","-0,97%"
828,24.04.2023,"5.022,79","5.022,51","5.076,41","5.010,25","1,68B","0,21%"
829,25.04.2023,"4.891,01","5.034,07","5.042,08","4.881,03","2,03B","-2,62%"
830,26.04.2023,"4.783,50","4.885,94","4.901,39","4.749,11","1,92B","-2,20%"
831,27.04.2023,"4.789,63","4.777,51","4.831,42","4.750,50","1,90B","0,13%"
832,28.04.2023,"4.617,93","4.799,51","4.808,50","4.578,14","1,77B","-3,58%"
833,02.05.2023,"4.506,24","4.628,36","4.660,31","4.499,01","1,76B","-2,42%"
834,03.05.2023,"4.485,97","4.517,38","4.534,53","4.311,41","2,06B","-0,45%"
835,04.05.2023,"4.484,35","4.470,23","4.577,73","4.447,53","1,73B","-0,04%"
836,05.05.2023,"4.400,76","4.481,40","4.496,09","4.378,29","1,42B","-1,86%"
837,08.05.2023,"4.561,94","4.433,26","4.577,73","4.374,14","2,27B","3,66%"
838,09.05.2023,"4.536,20","4.547,21","4.622,07","4.513,31","2,91B","-0,56%"
839,10.05.2023,"4.494,48","4.544,48","4.554,94","4.485,83","2,31B","-0,92%"
840,11.05.2023,"4.848,01","4.492,19","4.871,83","4.492,19","4,35B","7,87%"
841,12.05.2023,"4.795,61","4.897,32","4.982,86","4.758,14","3,66B","-1,08%"
842,15.05.2023,"4.501,21","4.489,58","4.700,01","4.475,45","2,38B","-6,14%"
843,16.05.2023,"4.589,71","4.405,99","4.589,71","4.405,99","4,03B","1,97%"
844,17.05.2023,"4.661,68","4.605,61","4.680,86","4.599,79","2,91B","1,57%"
845,18.05.2023,"4.501,73","4.681,71","4.699,95","4.489,06","2,64B","-3,43%"
846,22.05.2023,"4.466,19","4.532,60","4.556,78","4.415,66","2,32B","-0,79%"
847,23.05.2023,"4.470,97","4.467,34","4.499,32","4.436,49","1,93B","0,11%"
848,24.05.2023,"4.424,92","4.476,91","4.524,13","4.416,18","1,93B","-1,03%"
849,25.05.2023,"4.427,99","4.440,36","4.471,46","4.404,09","1,81B","0,07%"
850,26.05.2023,"4.580,67","4.442,24","4.605,29","4.436,91","2,58B","3,45%"
851,29.05.2023,"4.768,56","4.696,17","4.799,98","4.622,26","3,19B","4,10%"
852,30.05.2023,"4.951,35","4.840,44","4.972,76","4.830,78","4,37B","3,83%"
853,31.05.2023,"4.886,91","4.956,26","4.982,45","4.867,95","3,95B","-1,30%"
854,01.06.2023,"4.959,80","4.928,63","5.007,07","4.928,63","2,60B","1,49%"
855,02.06.2023,"5.114,97","5.102,56","5.146,70","5.051,35","3,86B","3,13%"
856,05.06.2023,"5.372,66","5.233,23","5.374,58","5.204,48","3,99B","5,04%"
857,06.06.2023,"5.388,80","5.372,37","5.439,89","5.314,51","3,47B","0,30%"
858,07.06.2023,"5.561,18","5.515,87","5.608,84","5.515,87","5,14B","3,20%"
859,08.06.2023,"5.554,00","5.549,81","5.593,59","5.458,76","3,58B","-0,13%"
860,09.06.2023,"5.626,49","5.603,48","5.639,23","5.535,01","3,37B","1,31%"
861,12.06.2023,"5.588,98","5.673,76","5.730,19","5.588,98","3,34B","-0,67%"
862,13.06.2023,"5.429,05","5.568,10","5.595,19","5.392,80","3,28B","-2,86%"
863,14.06.2023,"5.360,77","5.437,14","5.490,89","5.322,01","3,56B","-1,26%"
864,15.06.2023,"5.495,48","5.397,75","5.495,48","5.378,25","2,79B","2,51%"
865,16.06.2023,"5.475,48","5.518,51","5.566,11","5.467,01","2,96B","-0,36%"
866,19.06.2023,"5.269,31","5.485,47","5.485,47","5.269,08","2,64B","-3,77%"
867,20.06.2023,"5.251,61","5.265,04","5.315,50","5.200,33","2,77B","-0,34%"
868,21.06.2023,"5.186,83","5.280,54","5.329,36","5.169,60","2,28B","-1,23%"
869,22.06.2023,"5.428,26","5.200,23","5.434,61","5.152,81","3,80B","4,65%"
870,23.06.2023,"5.582,75","5.509,76","5.593,99","5.478,93","3,40B","2,85%"
871,26.06.2023,"5.732,86","5.644,33","5.749,66","5.632,06","2,82B","2,69%"
872,27.06.2023,"5.759,11","5.725,06","5.766,58","5.692,86","1,23B","0,46%"
873,03.07.2023,"6.015,29","5.867,23","6.018,29","5.867,23","3,73B","4,45%"
874,04.07.2023,"6.003,90","6.049,69","6.076,72","5.980,08","4,77B","-0,19%"
875,05.07.2023,"6.106,76","6.026,12","6.121,60","5.889,87","4,05B","1,71%"
876,06.07.2023,"6.141,14","6.135,31","6.207,85","6.124,23","4,11B","0,56%"
877,07.07.2023,"6.187,09","6.139,81","6.223,26","6.117,06","3,66B","0,75%"
878,10.07.2023,"6.270,41","6.264,34","6.290,34","6.228,19","4,12B","1,35%"
879,11.07.2023,"6.362,93","6.371,22","6.386,84","6.234,51","5,50B","1,48%"
880,12.07.2023,"6.342,05","6.360,70","6.410,61","6.287,37","5,76B","-0,33%"
881,13.07.2023,"6.368,35","6.354,92","6.436,83","6.315,43","5,23B","0,41%"
882,14.07.2023,"6.437,74","6.415,52","6.446,01","6.353,91","3,42B","1,09%"
883,17.07.2023,"6.600,46","6.501,80","6.603,98","6.476,61","4,37B","2,53%"
884,18.07.2023,"6.365,00","6.636,70","6.662,17","6.362,68","5,16B","-3,57%"
885,19.07.2023,"6.571,28","6.370,27","6.572,33","6.299,57","4,21B","3,24%"
886,20.07.2023,"6.682,11","6.633,44","6.700,36","6.518,85","5,59B","1,69%"
887,21.07.2023,"6.687,78","6.688,10","6.724,42","6.617,69","4,73B","0,08%"
888,24.07.2023,"6.695,14","6.730,03","6.807,95","6.626,30","5,18B","0,11%"
889,25.07.2023,"6.605,04","6.721,45","6.724,52","6.538,29","4,85B","-1,35%"
890,26.07.2023,"6.743,86","6.606,21","6.744,37","6.583,47","4,65B","2,10%"
891,27.07.2023,"6.856,11","6.799,44","6.856,11","6.766,32","5,26B","1,66%"
892,28.07.2023,"7.067,28","6.925,41","7.096,99","6.912,00","6,45B","3,08%"
893,31.07.2023,"7.216,96","7.143,14","7.256,61","7.117,09","6,52B","2,12%"
894,01.08.2023,"7.168,51","7.209,59","7.296,57","7.113,31","5,81B","-0,67%"
895,02.08.2023,"7.258,54","7.180,08","7.336,11","7.174,64","5,35B","1,26%"
896,03.08.2023,"7.221,51","7.296,00","7.365,61","7.200,81","5,12B","-0,51%"
897,04.08.2023,"7.400,57","7.256,57","7.427,10","7.205,35","4,30B","2,48%"
898,07.08.2023,"7.470,10","7.434,53","7.493,87","7.399,02","3,82B","0,94%"
899,08.08.2023,"7.412,20","7.495,65","7.504,38","7.359,49","4,51B","-0,78%"
900,09.08.2023,"7.600,65","7.423,11","7.644,59","7.367,03","5,89B","2,54%"
901,10.08.2023,"7.441,50","7.652,36","7.766,12","7.398,48","7,27B","-2,09%"
902,11.08.2023,"7.714,38","7.453,42","7.720,97","7.397,63","5,21B","3,67%"
903,14.08.2023,"7.737,38","7.795,01","7.868,74","7.681,27","5,48B","0,30%"
904,15.08.2023,"7.690,75","7.763,70","7.794,94","7.550,30","4,98B","-0,60%"
905,16.08.2023,"7.662,26","7.685,25","7.734,41","7.588,91","5,20B","-0,37%"
906,17.08.2023,"7.764,47","7.675,06","7.798,61","7.633,13","4,73B","1,33%"
907,18.08.2023,"7.513,29","7.803,71","7.815,83","7.424,04","4,98B","-3,23%"
908,21.08.2023,"7.796,65","7.446,35","7.820,08","7.411,52","5,51B","3,77%"
909,22.08.2023,"7.771,30","7.856,15","7.902,95","7.691,26","5,03B","-0,33%"
910,23.08.2023,"7.602,24","7.820,40","7.831,97","7.602,24","5,85B","-2,18%"
911,24.08.2023,"7.491,94","7.648,30","7.872,81","7.476,31","8,17B","-1,45%"
912,25.08.2023,"7.716,67","7.545,17","7.747,64","7.407,94","4,83B","3,00%"
913,28.08.2023,"7.941,73","7.837,07","8.008,78","7.837,07","5,49B","2,92%"
914,29.08.2023,"7.907,13","7.963,44","8.013,52","7.865,58","4,69B","-0,44%"
915,31.08.2023,"7.917,93","7.964,48","8.005,82","7.880,56","4,42B","0,14%"
916,01.09.2023,"8.056,12","7.966,65","8.060,92","7.930,09","4,23B","1,75%"
917,04.09.2023,"8.141,33","8.141,33","8.238,89","8.126,01","5,21B","1,06%"
918,05.09.2023,"8.236,14","8.161,14","8.236,14","8.090,21","5,55B","1,16%"
919,06.09.2023,"8.181,67","8.291,55","8.298,54","8.127,88","5,98B","-0,66%"
920,07.09.2023,"8.337,67","8.218,47","8.358,03","8.218,47","5,10B","1,91%"
921,08.09.2023,"8.325,30","8.371,33","8.398,44","8.295,67","4,86B","-0,15%"
922,11.09.2023,"8.146,49","8.385,55","8.403,81","8.127,07","5,40B","-2,15%"
923,12.09.2023,"8.159,90","8.174,99","8.276,17","8.081,34","4,73B","0,16%"
924,13.09.2023,"8.013,89","8.184,04","8.235,96","7.977,69","4,57B","-1,79%"
925,14.09.2023,"8.118,75","8.035,70","8.118,75","7.797,06","4,40B","1,31%"
926,15.09.2023,"7.961,98","8.128,49","8.139,34","7.961,98","4,24B","-1,93%"
927,18.09.2023,"7.680,36","7.952,42","7.952,42","7.678,83","3,61B","-3,54%"
928,19.09.2023,"7.784,01","7.696,77","7.804,05","7.644,68","3,50B","1,35%"
929,20.09.2023,"7.719,82","7.834,91","7.897,82","7.706,40","3,83B","-0,82%"
930,21.09.2023,"8.000,46","7.714,90","8.000,46","7.663,90","4,39B","3,64%"
931,22.09.2023,"8.039,18","8.035,05","8.094,03","7.981,23","4,19B","0,48%"
932,25.09.2023,"8.304,83","8.105,36","8.311,16","8.096,95","4,86B","3,30%"
933,26.09.2023,"8.242,26","8.368,51","8.389,68","8.240,83","5,97B","-0,75%"
934,27.09.2023,"8.213,76","8.275,14","8.298,65","8.170,89","4,43B","-0,35%"
935,28.09.2023,"8.218,74","8.235,79","8.288,48","8.187,96","4,13B","0,06%"
936,29.09.2023,"8.334,94","8.239,09","8.379,44","8.239,09","4,68B","1,41%"
937,02.10.2023,"8.486,96","8.374,60","8.511,61","8.367,26","4,98B","1,82%"
938,03.10.2023,"8.513,54","8.547,39","8.562,70","8.462,03","4,89B","0,31%"
939,04.10.2023,"8.333,14","8.523,74","8.533,49","8.329,02","5,14B","-2,12%"
940,05.10.2023,"8.487,98","8.386,33","8.496,42","8.179,93","5,89B","1,86%"
941,06.10.2023,"8.464,93","8.410,25","8.516,77","8.397,55","4,54B","-0,27%"
942,09.10.2023,"8.193,44","8.300,69","8.383,53","8.193,44","4,37B","-3,21%"
943,10.10.2023,"8.442,79","8.304,81","8.450,83","8.304,81","4,40B","3,04%"
944,11.10.2023,"8.330,64","8.482,37","8.518,86","8.315,70","4,04B","-1,33%"
945,12.10.2023,"8.259,27","8.440,54","8.471,11","8.054,64","4,83B","-0,86%"
946,13.10.2023,"8.113,30","8.242,29","8.242,29","8.071,51","3,28B","-1,77%"
947,16.10.2023,"7.934,56","8.228,49","8.252,32","7.926,64","3,52B","-2,20%"
948,17.10.2023,"8.115,01","7.962,60","8.115,01","7.908,13","3,28B","2,27%"
949,18.10.2023,"7.842,66","7.964,63","8.015,26","7.836,99","2,92B","-3,36%"
950,19.10.2023,"7.769,03","7.868,00","7.971,39","7.728,43","3,09B","-0,94%"
951,20.10.2023,"7.510,68","7.691,02","7.711,16","7.446,97","3,24B","-3,33%"
952,23.10.2023,"7.750,39","7.649,39","7.794,54","7.520,13","3,19B","3,19%"
953,24.10.2023,"7.990,42","7.797,07","8.014,81","7.765,50","4,00B","3,10%"
954,25.10.2023,"7.424,97","8.035,83","8.084,44","7.424,97","3,57B","-7,08%"
955,26.10.2023,"7.662,05","7.516,50","7.741,33","7.384,45","4,03B","3,19%"
956,27.10.2023,"7.706,41","7.671,85","7.740,52","7.500,54","2,89B","0,58%"
957,30.10.2023,"7.712,85","7.688,39","7.786,37","7.660,85","2,70B","0,08%"
958,31.10.2023,"7.514,10","7.749,33","7.775,13","7.496,37","2,30B","-2,58%"
959,01.11.2023,"7.528,57","7.568,86","7.597,82","7.297,00","2,70B","0,19%"
960,02.11.2023,"7.663,62","7.585,21","7.701,13","7.577,48","2,44B","1,79%"
961,03.11.2023,"7.705,99","7.673,65","7.721,18","7.581,57","2,41B","0,55%"
962,06.11.2023,"7.868,02","7.792,84","7.900,45","7.788,61","2,26B","2,10%"
963,07.11.2023,"7.844,80","7.874,18","7.919,25","7.818,63","2,26B","-0,30%"
964,08.11.2023,"7.860,88","7.912,44","7.942,82","7.821,49","2,40B","0,20%"
965,09.11.2023,"7.841,46","7.801,29","7.885,74","7.738,66","2,57B","-0,25%"
966,10.11.2023,"7.771,34","7.838,33","7.855,24","7.765,38","2,33B","-0,89%"
967,13.11.2023,"7.568,30","7.784,33","7.785,62","7.568,30","2,58B","-2,61%"
968,14.11.2023,"7.671,05","7.601,37","7.689,12","7.520,02","2,79B","1,36%"
969,15.11.2023,"7.665,87","7.716,07","7.738,19","7.634,35","2,29B","-0,07%"
970,16.11.2023,"7.780,68","7.675,35","7.813,16","7.675,35","2,15B","1,50%"
971,17.11.2023,"7.853,36","7.786,74","7.863,99","7.773,74","2,13B","0,93%"
972,20.11.2023,"7.946,37","7.918,31","7.984,73","7.918,31","2,50B","1,18%"
973,21.11.2023,"8.046,62","7.993,89","8.046,62","7.945,35","2,78B","1,26%"
974,22.11.2023,"7.987,03","8.054,80","8.060,26","7.984,89","2,52B","-0,74%"
975,23.11.2023,"7.898,59","7.991,94","8.062,11","7.898,59","3,07B","-1,11%"
976,24.11.2023,"7.959,95","7.902,36","7.996,08","7.851,34","2,33B","0,78%"
977,27.11.2023,"8.107,19","8.028,79","8.129,13","8.023,38","3,28B","1,85%"
978,28.11.2023,"8.093,54","8.115,99","8.149,44","8.046,08","2,79B","-0,17%"
979,29.11.2023,"8.009,33","8.115,37","8.125,12","7.993,09","2,35B","-1,04%"
980,30.11.2023,"7.948,60","8.007,77","8.049,28","7.912,02","2,48B","-0,76%"
981,01.12.2023,"8.026,27","8.071,48","8.090,21","7.956,57","2,19B","0,98%"
982,04.12.2023,"8.087,24","8.050,77","8.108,23","7.962,26","2,38B","0,76%"
983,05.12.2023,"8.057,42","8.094,73","8.120,50","8.023,41","2,29B","-0,37%"
984,06.12.2023,"7.855,06","8.066,52","8.112,39","7.855,06","2,99B","-2,51%"
985,07.12.2023,"7.978,82","7.867,68","7.978,82","7.747,49","2,41B","1,58%"
986,08.12.2023,"7.913,76","7.988,63","7.992,30","7.888,45","2,12B","-0,82%"
987,11.12.2023,"7.728,44","7.920,28","7.924,71","7.723,18","2,33B","-2,34%"
988,12.12.2023,"7.748,85","7.727,37","7.790,81","7.661,60","2,38B","0,26%"
989,13.12.2023,"7.529,31","7.718,96","7.721,23","7.529,31","2,51B","-2,83%"
990,14.12.2023,"7.813,40","7.622,69","7.831,85","7.582,33","2,57B","3,77%"
991,15.12.2023,"7.993,85","7.821,97","7.998,42","7.812,50","2,70B","2,31%"
992,18.12.2023,"7.790,42","7.957,51","8.010,47","7.782,29","2,37B","-2,54%"
993,19.12.2023,"7.725,86","7.783,90","7.786,35","7.642,65","2,46B","-0,83%"
994,20.12.2023,"7.662,85","7.717,18","7.764,16","7.614,72","1,88B","-0,82%"
995,21.12.2023,"7.764,95","7.657,03","7.789,88","7.621,34","2,16B","1,33%"
996,22.12.2023,"7.557,56","7.769,78","7.794,95","7.553,85","1,87B","-2,67%"
997,25.12.2023,"7.264,87","7.526,56","7.526,56","7.208,14","1,33B",-3.87%
998,26.12.2023,"7.299,33","7.303,30","7.405,05","7.202,88","1,94B",+0.47%
999,27.12.2023,"7.260,44","7.282,21","7.365,11","7.215,02","2,15B",-0.53%
1000,28.12.2023,"7.396,34","7.278,13","7.444,94","7.278,13","1,72B",+1.87%
1001,29.12.2023,"7.470,18","7.415,27","7.510,36","7.415,27","2,66B",+1.00%
1002,02.01.2024,"7.624,29","7.542,25","7.634,08","7.542,25","2,40B",+2.06%
1003,03.01.2024,"7.412,04","7.624,59","7.624,59","7.411,81","2,17B",-2.78%
1004,04.01.2024,"7.547,84","7.421,86","7.547,84","7.386,99","2,39B",+1.83%
1005,05.01.2024,"7.628,73","7.570,05","7.628,73","7.532,16","2,36B",+1.07%
1006,08.01.2024,"7.818,89","7.667,85","7.824,61","7.667,85","2,87B",+2.49%
1007,09.01.2024,"7.736,26","7.860,16","7.875,18","7.696,50","2,98B",-1.06%
1008,10.01.2024,"7.874,16","7.733,72","7.897,06","7.709,32","2,77B",+1.78%
1009,11.01.2024,"7.895,96","7.905,35","7.950,05","7.860,24","2,46B",+0.28%
1010,12.01.2024,"7.986,47","7.854,17","8.081,69","7.774,88","3,46B",+1.15%
1011,15.01.2024,"8.044,02","7.996,66","8.094,58","7.979,00","2,35B",+0.72%
1012,16.01.2024,"8.032,17","8.063,12","8.090,14","7.994,96","2,36B",-0.15%
1013,17.01.2024,"8.024,37","7.998,51","8.052,84","7.982,82","2,22B",-0.10%
1014,18.01.2024,"8.016,09","8.104,04","8.116,90","8.016,09","2,74B",-0.10%
1015,19.01.2024,"7.996,70","8.040,29","8.044,82","7.937,06","2,14B",-0.24%
1016,22.01.2024,"8.010,14","7.996,10","8.069,92","7.970,10","2,29B",+0.17%
1017,23.01.2024,"7.950,06","8.101,23","8.145,85","7.915,48","2,68B",-0.75%
1018,24.01.2024,"8.090,90","7.982,71","8.149,53","7.939,44","2,54B",+1.77%
1019,25.01.2024,"8.169,89","8.142,06","8.212,93","8.095,90","2,67B",+0.98%
1020,26.01.2024,"8.346,28","8.191,37","8.347,58","8.180,25","3,42B",+2.16%
1021,29.01.2024,"8.471,70","8.400,05","8.502,45","8.399,35","2,94B",+1.50%
1022,30.01.2024,"8.474,30","8.512,55","8.516,63","8.438,88","2,78B",+0.03%
1023,31.01.2024,"8.496,66","8.480,29","8.577,35","8.438,83","2,70B",+0.26%
1024,01.02.2024,"8.646,12","8.514,47","8.682,35","8.514,47","2,95B",+1.76%
