"Tarih","Şimdi","Açılış","Yüksek","Düşük","Hac.","Fark %"
"29.12.2023","22,3778","22,7558","22,8621","22,3399","","-1,12%"
"28.12.2023","22,6323","22,6864","23,1485","22,6852","","-1,17%"
"27.12.2023","22,8996","22,8968","23,1013","22,6408","","1,06%"
"26.12.2023","22,6601","22,6708","23,0451","22,6707","","-0,40%"
"25.12.2023","22,7518","22,7209","22,8952","22,5656","","-0,22%"
"22.12.2023","22,8022","22,9068","23,1068","22,6443","","-0,33%"
"21.12.2023","22,8768","22,8793","22,9641","22,6335","","1,29%"
"20.12.2023","22,5856","22,6468","22,8771","22,4396","","0,51%"
"19.12.2023","22,4699","22,4544","22,6088","22,2131","","1,20%"
"18.12.2023","22,2029","22,1890","22,4793","22,0849","","-0,23%"
"15.12.2023","22,2543","22,4996","22,6883","22,1585","","-0,98%"
"14.12.2023","22,4745","22,5292","22,5619","22,2042","","1,59%"
"13.12.2023","22,1235","22,1565","22,2246","21,0371","","4,08%"
"12.12.2023","21,2560","21,1821","21,6066","21,1902","","0,34%"
"11.12.2023","21,1846","21,2208","21,5227","21,1562","","-1,16%"
"08.12.2023","21,4333","22,0939","22,2446","21,3754","","-2,90%"
"07.12.2023","22,0725","22,0993","22,3437","21,9543","","-0,59%"
"06.12.2023","22,2043","22,1745","22,6555","22,1837","","-0,95%"
"05.12.2023","22,4180","22,4526","22,9110","22,2713","","-1,40%"
"04.12.2023","22,7371","22,7834","23,9054","22,7071","","-4,04%"
"01.12.2023","23,6939","23,5572","23,6994","23,2845","","0,94%"
"30.11.2023","23,4744","23,4568","23,5783","23,1314","","1,10%"
"29.11.2023","23,2192","23,2246","23,4870","23,1051","","-0,38%"
"28.11.2023","23,3078","23,2425","23,3282","22,8384","","1,84%"
"27.11.2023","22,8867","22,8875","23,1179","22,5463","","1,38%"
"24.11.2023","22,5758","21,9679","22,5837","21,8595","","3,03%"
"23.11.2023","21,9124","21,9260","22,0549","21,8513","","0,14%"
"22.11.2023","21,8813","21,9053","22,1781","21,8331","","-0,49%"
"21.11.2023","21,9893","21,9379","22,2280","21,7307","","1,33%"
"20.11.2023","21,7016","21,6277","21,9720","21,5003","","-0,79%"
"17.11.2023","21,8745","21,9461","22,2897","21,7519","","-0,20%"
"16.11.2023","21,9174","21,8773","22,1876","21,4739","","1,31%"
"15.11.2023","21,6346","21,6111","21,7437","21,2104","","1,96%"
"14.11.2023","21,2185","21,2183","21,3299","20,5040","","3,36%"
"13.11.2023","20,5284","20,5200","20,5571","20,1178","","0,41%"
"10.11.2023","20,4440","20,7611","20,9586","20,3733","","-1,17%"
"09.11.2023","20,6857","20,7384","21,0540","20,5092","","0,18%"
"08.11.2023","20,6493","20,6084","20,9215","20,4406","","-0,14%"
"07.11.2023","20,6785","20,7048","21,0995","20,5666","","-1,72%"
"06.11.2023","21,0399","21,0709","21,2600","20,9890","","-0,70%"
"03.11.2023","21,1874","20,7557","21,2600","20,5933","","2,20%"
"02.11.2023","20,7318","20,7433","21,0756","20,6610","","-1,27%"
"01.11.2023","20,9980","20,8901","20,9997","20,5360","","1,18%"
"31.10.2023","20,7538","20,7613","21,3107","20,6946","","-1,91%"
"30.10.2023","21,1574","21,1555","21,4228","20,9170","","1,00%"
"27.10.2023","20,9489","20,6948","20,9989","20,5124","","1,53%"
"26.10.2023","20,6329","20,6592","20,9407","20,3405","","-0,54%"
"25.10.2023","20,7455","20,5430","20,8517","20,4440","","0,09%"
"24.10.2023","20,7277","20,6614","20,9584","20,4801","","0,10%"
"23.10.2023","20,7064","20,6820","21,0392","20,6900","","-1,31%"
"20.10.2023","20,9813","20,9813","21,3242","20,6143","","1,00%"
"19.10.2023","20,7741","20,7096","20,8604","20,3740","","1,24%"
"18.10.2023","20,5188","20,5702","20,9893","20,4642","","0,07%"
"17.10.2023","20,5037","20,4923","20,6976","20,0549","","1,60%"
"16.10.2023","20,1806","20,2350","20,3606","20,1312","","-0,47%"
"13.10.2023","20,2759","20,2666","20,3786","19,5140","","4,02%"
"12.10.2023","19,4914","19,4528","19,8429","19,4185","","-0,61%"
"11.10.2023","19,6111","19,6075","19,7244","19,4398","","0,92%"
"10.10.2023","19,4314","19,4414","19,5702","19,2932","","-0,33%"
"09.10.2023","19,4953","19,4580","19,7056","19,2158","","2,05%"
"06.10.2023","19,1037","19,0966","19,1895","18,5014","","2,55%"
"05.10.2023","18,6282","18,5715","18,8770","18,3575","","0,03%"
"04.10.2023","18,6231","18,5894","18,9455","18,3598","","-0,99%"
"03.10.2023","18,8091","18,7399","18,8979","18,3045","","2,60%"
"02.10.2023","18,3320","18,5438","19,5326","18,2908","","-5,95%"
"29.09.2023","19,4921","19,5304","20,7568","19,4969","","-2,46%"
"28.09.2023","19,9844","19,9938","20,0280","19,7347","","1,10%"
"27.09.2023","19,7666","19,6849","20,1668","19,4889","","-1,24%"
"26.09.2023","20,0144","19,9709","20,2448","19,9955","","-0,97%"
"25.09.2023","20,2102","20,2177","20,6806","20,1634","","-1,44%"
"22.09.2023","20,5053","20,5565","20,7480","20,4164","","0,37%"
"21.09.2023","20,4289","20,3655","20,4651","19,8912","","1,68%"
"20.09.2023","20,0917","20,1183","20,4968","19,9204","","-0,16%"
"19.09.2023","20,1249","20,0920","20,3491","20,0824","","-0,22%"
"18.09.2023","20,1692","20,0494","20,2216","19,9427","","1,08%"
"15.09.2023","19,9531","19,9218","20,1966","19,6065","","1,76%"
"14.09.2023","19,6086","19,5931","19,9839","19,3249","","-0,40%"
"13.09.2023","19,6872","19,7547","19,9887","19,6976","","-1,33%"
"12.09.2023","19,9535","19,9411","20,0413","19,7540","","0,07%"
"11.09.2023","19,9390","19,9273","20,0636","19,7660","","0,93%"
"08.09.2023","19,7561","19,7637","20,0505","19,7337","","-0,12%"
"07.09.2023","19,7801","19,7930","20,0116","19,7133","","-0,78%"
"06.09.2023","19,9358","19,9508","20,3305","19,8405","","-1,68%"
"05.09.2023","20,2771","20,2383","20,6286","20,1608","","-1,57%"
"04.09.2023","20,5995","20,5995","20,9188","20,6223","","-0,66%"
"01.09.2023","20,7354","20,7026","21,3031","20,7515","","-0,85%"
"31.08.2023","20,9122","20,9227","21,1849","20,9150","","-0,67%"
"30.08.2023","21,0532","21,1226","21,4958","20,9450","","0,08%"
"29.08.2023","21,0368","21,0217","21,2187","20,0879","","3,00%"
"28.08.2023","20,4236","20,4599","20,7989","20,4288","","-1,06%"
"25.08.2023","20,6424","20,6499","20,7874","19,9767","","2,69%"
"24.08.2023","20,1020","20,1038","21,2970","19,6404","","-5,31%"
"23.08.2023","21,2282","21,2180","21,2915","20,4938","","3,73%"
"22.08.2023","20,4650","20,4064","20,5372","20,3007","","0,55%"
"21.08.2023","20,3535","20,3547","20,4721","19,7856","","2,92%"
"18.08.2023","19,7770","19,8050","20,0038","19,7347","","0,20%"
"17.08.2023","19,7382","19,7597","20,0359","19,4647","","1,30%"
"16.08.2023","19,4843","19,4724","19,8158","19,4962","","-0,89%"
"15.08.2023","19,6596","19,5744","19,7513","19,3581","","0,05%"
"14.08.2023","19,6498","19,6326","19,7951","19,4525","","0,35%"
"11.08.2023","19,5819","19,5809","19,8975","19,6346","","-0,66%"
"10.08.2023","19,7125","19,7156","19,9911","19,6555","","1,19%"
"09.08.2023","19,4815","19,5598","20,0071","19,2523","","-1,12%"
"08.08.2023","19,7028","19,7185","20,2466","19,6971","","-1,81%"
"07.08.2023","20,0659","20,0519","20,5237","20,0347","","-1,82%"
"04.08.2023","20,4382","20,4068","20,8088","20,2626","","-0,19%"
"03.08.2023","20,4781","20,4003","20,8845","20,3175","","-0,39%"
"02.08.2023","20,5581","20,5611","21,3942","20,5115","","-2,66%"
"01.08.2023","21,1209","21,0952","21,6864","20,9179","","-1,04%"
"31.07.2023","21,3418","21,3756","21,5081","20,9752","","1,44%"
"28.07.2023","21,0383","21,0422","21,1475","20,9080","","0,80%"
"27.07.2023","20,8720","20,9144","21,7814","20,8317","","-3,21%"
"26.07.2023","21,5631","21,5148","21,6603","21,2532","","1,06%"
"25.07.2023","21,3375","21,3633","21,5482","21,0536","","1,16%"
"24.07.2023","21,0927","21,0693","21,4268","21,0317","","-1,02%"
"21.07.2023","21,3105","21,3094","21,6252","21,2583","","-0,46%"
"20.07.2023","21,4094","21,2979","21,8767","21,2872","","-1,10%"
"19.07.2023","21,6482","21,6517","21,8399","21,5280","","-0,09%"
"18.07.2023","21,6671","21,6927","21,7833","21,0209","","2,99%"
"17.07.2023","21,0376","21,0139","21,1625","20,7980","","0,56%"
"14.07.2023","20,9201","20,9067","21,0686","20,7023","","0,34%"
"13.07.2023","20,8487","20,7485","20,8642","20,2496","","2,89%"
"12.07.2023","20,2639","20,2349","20,3474","19,4216","","4,38%"
"11.07.2023","19,4128","19,3941","19,6334","19,3222","","-0,12%"
"10.07.2023","19,4364","19,3711","19,5075","19,0963","","0,64%"
"07.07.2023","19,3130","19,3130","19,4004","18,9718","","1,57%"
"06.07.2023","19,0137","19,0330","19,5069","18,8599","","-1,99%"
"05.07.2023","19,3996","19,3633","19,5824","19,0924","","1,32%"
"04.07.2023","19,1471","19,1700","19,3183","19,0747","","0,68%"
"03.07.2023","19,0172","19,0641","19,2716","18,8044","","-0,22%"
"30.06.2023","19,0582","19,0564","19,1368","18,6852","","1,19%"
"29.06.2023","18,8345","18,8871","19,1690","18,6748","","-0,81%"
"28.06.2023","18,9874","18,9785","19,3051","18,9114","","-0,30%"
"27.06.2023","19,0447","19,0774","19,3337","18,8831","","0,33%"
"26.06.2023","18,9824","19,0011","19,1534","18,3343","","4,29%"
"23.06.2023","18,2008","17,8181","18,5142","17,6979","","2,32%"
"22.06.2023","17,7884","17,7798","17,9454","17,0304","","3,81%"
"21.06.2023","17,1356","17,1611","17,5960","17,0440","","-2,23%"
"20.06.2023","17,5258","17,5376","18,2507","17,4701","","-3,66%"
"19.06.2023","18,1922","18,1716","18,3801","18,1081","","-0,98%"
"16.06.2023","18,3714","18,1545","18,4125","17,9976","","1,47%"
"15.06.2023","18,1054","18,1561","18,1989","17,6799","","0,17%"
"14.06.2023","18,0754","18,1185","18,2386","17,9799","","0,53%"
"13.06.2023","17,9802","17,9563","18,5186","17,9367","","-1,75%"
"12.06.2023","18,2999","18,2841","18,5006","18,1660","","0,16%"
"09.06.2023","18,2703","18,3417","18,4558","18,1733","","-0,13%"
"08.06.2023","18,2937","18,0101","18,4429","17,5629","","4,11%"
"07.06.2023","17,5707","17,5481","17,9045","16,6534","","5,75%"
"06.06.2023","16,6155","16,5420","16,6643","16,0819","","3,13%"
"05.06.2023","16,1106","16,1545","16,2277","15,8923","","1,35%"
"02.06.2023","15,8954","15,9008","16,1415","15,8560","","-0,64%"
"01.06.2023","15,9974","16,0383","16,2283","15,5586","","1,49%"
"31.05.2023","15,7620","15,6911","15,8865","15,2718","","2,28%"
"30.05.2023","15,4100","15,3474","15,5868","14,9086","","2,88%"
"29.05.2023","14,9789","14,9656","15,0613","14,9204","","0,01%"
"26.05.2023","14,9767","14,6001","15,0340","14,5826","","2,78%"
"25.05.2023","14,5723","14,5568","14,8309","14,5470","","-1,26%"
"24.05.2023","14,7576","14,7522","15,0352","14,7287","","-1,37%"
"23.05.2023","14,9622","14,9510","15,3365","14,7521","","-0,58%"
"22.05.2023","15,0499","15,0584","15,3500","15,0428","","-0,83%"
"19.05.2023","15,1758","14,9834","15,2964","14,9060","","1,43%"
"18.05.2023","14,9624","14,9507","15,1205","14,8476","","-0,85%"
"17.05.2023","15,0905","15,0640","15,1660","14,9754","","0,36%"
"16.05.2023","15,0371","15,0446","15,2581","14,9948","","-1,26%"
"15.05.2023","15,2291","15,2210","15,4094","15,0809","","0,92%"
"12.05.2023","15,0900","15,1957","15,2455","14,9531","","-0,74%"
"11.05.2023","15,2023","15,1672","16,0060","15,1859","","-4,65%"
"10.05.2023","15,9434","15,9314","16,2731","15,8517","","-0,84%"
"09.05.2023","16,0791","16,0500","16,1127","15,8890","","0,48%"
"08.05.2023","16,0029","16,0114","16,1348","16,0029","","-0,51%"
"05.05.2023","16,0852","16,3196","16,3730","15,7806","","-1,41%"
"04.05.2023","16,3151","16,2911","16,3375","15,9434","","1,36%"
"03.05.2023","16,0958","16,0658","16,1607","15,7131","","1,46%"
"02.05.2023","15,8642","15,8713","15,9507","15,3898","","1,56%"
"01.05.2023","15,6209","15,6239","16,2025","15,5735","","-0,28%"
"28.04.2023","15,6640","15,5680","15,6732","15,4743","","0,62%"
"27.04.2023","15,5672","15,5760","15,7896","15,3298","","0,21%"
"26.04.2023","15,5352","15,5350","15,7482","15,4440","","-0,73%"
"25.04.2023","15,6491","15,5913","15,8216","15,3021","","-0,33%"
"24.04.2023","15,7010","15,6898","15,7430","15,4777","","0,35%"
"21.04.2023","15,6456","15,7581","15,8189","15,5409","","-0,67%"
"20.04.2023","15,7517","15,7636","15,8992","15,6327","","0,06%"
"19.04.2023","15,7427","15,7705","15,8249","15,3741","","0,22%"
"18.04.2023","15,7088","15,6956","15,7703","15,5629","","0,81%"
"17.04.2023","15,5827","15,5897","15,9557","15,4723","","-1,28%"
"14.04.2023","15,7842","16,0411","16,2449","15,6707","","-1,48%"
"13.04.2023","16,0221","16,0475","16,1194","15,7794","","1,13%"
"12.04.2023","15,8434","15,8035","15,9438","15,5405","","2,08%"
"11.04.2023","15,5202","15,5179","15,5865","15,3937","","0,69%"
"10.04.2023","15,4144","15,3791","15,5238","15,2995","","-0,32%"
"07.04.2023","15,4646","15,4680","15,4948","15,4524","","-0,03%"
"06.04.2023","15,4694","15,4641","15,4821","15,2204","","0,25%"
"05.04.2023","15,4302","15,4197","15,5427","15,2608","","-0,09%"
"04.04.2023","15,4437","15,4263","15,4710","14,7081","","4,52%"
"03.04.2023","14,7761","14,7866","14,9276","14,5478","","-0,55%"
"31.03.2023","14,8575","14,7334","14,9032","14,6262","","1,00%"
"30.03.2023","14,7099","14,7336","14,7614","14,3070","","2,54%"
"29.03.2023","14,3460","14,3093","14,4232","14,1753","","0,04%"
"28.03.2023","14,3399","14,3231","14,3776","14,0256","","1,19%"
"27.03.2023","14,1719","14,1582","14,2419","14,0348","","-0,49%"
"24.03.2023","14,2417","14,1268","14,4165","14,0697","","0,80%"
"23.03.2023","14,1286","14,1284","14,2191","13,9513","","0,74%"
"22.03.2023","14,0254","14,0189","14,1065","13,6353","","2,20%"
"21.03.2023","13,7238","13,6755","13,8433","13,5544","","-0,35%"
"20.03.2023","13,7721","13,7354","13,8857","13,5922","","-0,34%"
"17.03.2023","13,8192","13,2920","13,8199","13,2415","","4,06%"
"16.03.2023","13,2802","13,2500","13,4831","13,1137","","-0,06%"
"15.03.2023","13,2882","13,3073","13,6528","13,1595","","0,46%"
"14.03.2023","13,2277","13,2205","13,4011","13,1249","","-0,32%"
"13.03.2023","13,2703","13,2739","13,3555","12,5627","","5,98%"
"10.03.2023","12,5217","12,2533","12,6693","12,0546","","2,27%"
"09.03.2023","12,2435","12,2150","12,3614","12,0966","","0,32%"
"08.03.2023","12,2048","12,1822","12,3166","12,1142","","-0,03%"
"07.03.2023","12,2081","12,1955","12,8552","12,1926","","-4,43%"
"06.03.2023","12,7741","12,7556","12,9507","12,7183","","-0,73%"
"03.03.2023","12,8679","12,7336","12,9181","12,6772","","1,38%"
"02.03.2023","12,6921","12,6254","12,7611","12,5642","","-0,44%"
"01.03.2023","12,7478","12,7373","12,8568","12,6514","","0,55%"
"28.02.2023","12,6784","12,6798","12,7514","12,4123","","1,34%"
"27.02.2023","12,5111","12,5003","12,6973","12,4752","","-0,41%"
"24.02.2023","12,5620","12,9492","12,9880","12,5412","","-2,79%"
"23.02.2023","12,9231","12,9218","13,1605","12,9057","","-0,97%"
"22.02.2023","13,0500","13,0355","13,3360","13,0238","","-1,58%"
"21.02.2023","13,2589","13,2265","13,3282","13,1364","","0,17%"
"20.02.2023","13,2359","13,1932","13,2879","13,0704","","0,67%"
"17.02.2023","13,1475","13,0355","13,2171","12,8457","","0,89%"
"16.02.2023","13,0320","13,0633","13,2237","13,0004","","-0,54%"
"15.02.2023","13,1032","13,1094","13,3048","12,9863","","-0,94%"
"14.02.2023","13,2272","13,2413","13,3492","13,0996","","-0,75%"
"13.02.2023","13,3274","13,3145","13,3781","13,2039","","0,03%"
"10.02.2023","13,3238","13,2748","13,4974","13,2243","","0,45%"
"09.02.2023","13,2639","13,2785","13,6701","13,2649","","-1,79%"
"08.02.2023","13,5050","13,5024","13,6446","13,4527","","0,51%"
"07.02.2023","13,4361","13,4019","13,5967","13,3523","","-0,36%"
"06.02.2023","13,4847","13,4710","13,6901","13,4148","","-0,37%"
"03.02.2023","13,5345","14,2000","14,2813","13,4900","","-4,64%"
"02.02.2023","14,1929","14,1737","14,8593","14,1626","","-2,23%"
"01.02.2023","14,5166","14,4392","14,5704","14,1284","","1,38%"
"31.01.2023","14,3194","14,3303","14,3813","13,8971","","0,49%"
"30.01.2023","14,2494","14,2556","14,4170","14,2175","","-0,15%"
"27.01.2023","14,2708","14,4634","14,5134","14,1021","","-1,24%"
"26.01.2023","14,4498","14,4320","14,6789","14,2797","","-0,21%"
"25.01.2023","14,4795","14,4210","14,4977","14,1240","","1,32%"
"24.01.2023","14,2911","14,3070","14,3512","14,0443","","1,00%"
"23.01.2023","14,1498","14,1541","14,6259","13,7731","","-2,07%"
"20.01.2023","14,4493","14,4248","14,5512","14,3387","","0,21%"
"19.01.2023","14,4196","14,3761","14,4610","14,0075","","1,85%"
"18.01.2023","14,1575","14,1489","14,7010","14,1537","","-1,64%"
"17.01.2023","14,3932","14,3989","14,7206","14,3836","","-1,89%"
"16.01.2023","14,6710","14,7145","14,8105","14,4632","","-0,02%"
"13.01.2023","14,6741","14,3841","14,6820","14,2012","","2,18%"
"12.01.2023","14,3608","14,3436","14,5777","14,1362","","1,51%"
"11.01.2023","14,1475","14,1198","14,5181","14,0219","","-0,64%"
"10.01.2023","14,2387","14,2287","14,3416","14,1442","","-0,09%"
"09.01.2023","14,2511","14,2554","14,5505","14,1746","","-0,95%"
"06.01.2023","14,3880","14,0169","14,4328","14,0064","","2,78%"
"05.01.2023","13,9989","13,9979","14,4175","13,9536","","-2,39%"
"04.01.2023","14,3413","14,3162","14,7253","14,2342","","-0,58%"
"03.01.2023","14,4255","14,4438","14,7763","14,3717","","-0,57%"
"02.01.2023","14,5086","14,4307","14,5449","14,3885","","0,69%"
"30.12.2022","14,4096","14,3643","14,5214","14,1576","","0,39%"
"29.12.2022","14,3543","14,3737","14,4767","14,1553","","1,43%"
"28.12.2022","14,1515","14,1533","14,4657","14,1240","","-1,92%"
"27.12.2022","14,4283","14,4475","14,6656","14,2918","","0,66%"
"26.12.2022","14,3336","14,2390","14,3816","14,2344","","0,52%"
"23.12.2022","14,2601","14,1679","14,3308","14,1275","","0,74%"
"22.12.2022","14,1549","14,1291","14,4576","14,0391","","-1,48%"
"21.12.2022","14,3670","14,3758","14,5652","14,3040","","-0,64%"
"20.12.2022","14,4599","14,4839","14,5416","13,7250","","5,02%"
"19.12.2022","13,7683","13,7714","14,0332","13,7023","","-1,12%"
"16.12.2022","13,9236","13,8304","13,9411","13,5291","","0,83%"
"15.12.2022","13,8085","13,8280","14,3060","13,7744","","-3,67%"
"14.12.2022","14,3340","14,3254","14,4367","14,0422","","1,04%"
"13.12.2022","14,1859","14,2032","14,4473","13,9314","","1,64%"
"12.12.2022","13,9570","13,9477","14,0998","13,8605","","-0,85%"
"09.12.2022","14,0767","13,8475","14,1906","13,7678","","1,77%"
"08.12.2022","13,8325","13,7928","13,9033","13,5190","","1,76%"
"07.12.2022","13,5931","13,6056","13,6727","13,2376","","2,47%"
"06.12.2022","13,2655","13,2635","13,5430","13,2065","","-0,44%"
"05.12.2022","13,3241","13,3363","14,0862","13,2862","","-3,91%"
"02.12.2022","13,8657","13,6050","13,9175","13,3732","","1,95%"
"01.12.2022","13,5999","13,6150","13,6479","13,2159","","2,00%"
"30.11.2022","13,3336","13,2659","13,4284","12,7071","","4,77%"
"29.11.2022","12,7270","12,7312","12,8485","12,5279","","1,65%"
"28.11.2022","12,5201","12,5277","12,9399","12,5033","","-2,74%"
"25.11.2022","12,8730","12,8815","12,9002","12,6806","","0,08%"
"24.11.2022","12,8633","12,8778","12,9749","12,8522","","-0,14%"
"23.11.2022","12,8813","12,8691","12,9198","12,5192","","2,09%"
"22.11.2022","12,6176","12,6040","12,7734","12,4791","","1,17%"
"21.11.2022","12,4717","12,4726","12,5703","12,3295","","-0,55%"
"18.11.2022","12,5410","12,6287","12,7428","12,4758","","0,28%"
"17.11.2022","12,5055","12,5185","12,8528","12,4302","","-2,50%"
"16.11.2022","12,8264","12,8271","13,1880","12,8051","","-0,66%"
"15.11.2022","12,9116","12,8881","13,2977","12,8061","","-1,51%"
"14.11.2022","13,1102","13,0959","13,2131","12,7103","","1,15%"
"11.11.2022","12,9612","12,8617","13,1213","12,7313","","0,76%"
"10.11.2022","12,8640","12,8633","13,0233","12,5375","","2,47%"
"09.11.2022","12,5540","12,5651","12,8997","12,5476","","-1,27%"
"08.11.2022","12,7154","12,7120","12,9278","12,1652","","3,17%"
"07.11.2022","12,3244","12,3287","12,5473","12,1981","","-1,05%"
"04.11.2022","12,4551","11,6473","12,4847","11,6269","","7,15%"
"03.11.2022","11,6236","11,6368","11,6982","11,2817","","1,65%"
"02.11.2022","11,4349","11,4845","12,0053","11,4459","","-2,49%"
"01.11.2022","11,7267","11,7082","11,9806","11,4662","","2,39%"
"31.10.2022","11,4533","11,4317","11,5160","11,3193","","-0,57%"
"28.10.2022","11,5188","11,7032","11,7615","11,3757","","-1,42%"
"27.10.2022","11,6853","11,6972","11,7911","11,5467","","-0,15%"
"26.10.2022","11,7028","11,6785","11,8282","11,4806","","1,50%"
"25.10.2022","11,5293","11,5502","11,6228","11,2457","","-0,12%"
"24.10.2022","11,5427","11,4756","11,6631","11,3837","","-0,55%"
"21.10.2022","11,6061","11,1220","11,6082","10,9385","","4,54%"
"20.10.2022","11,1018","11,1345","11,3465","10,8984","","0,94%"
"19.10.2022","10,9982","11,0099","11,2325","10,9814","","-1,83%"
"18.10.2022","11,2030","11,1871","11,3084","11,0849","","0,73%"
"17.10.2022","11,1214","11,1386","11,3107","10,9593","","1,98%"
"14.10.2022","10,9054","11,2555","11,3853","10,8179","","-3,02%"
"13.10.2022","11,2446","11,2492","11,5353","11,0428","","-0,96%"
"12.10.2022","11,3540","11,3433","11,5378","11,2698","","-0,55%"
"11.10.2022","11,4172","11,4424","11,7833","11,4085","","-2,40%"
"10.10.2022","11,6975","11,7021","12,0394","11,6592","","-2,74%"
"07.10.2022","12,0265","12,3092","12,4426","11,9535","","-2,14%"
"06.10.2022","12,2891","12,3298","12,4642","12,1689","","-0,06%"
"05.10.2022","12,2960","12,3162","12,5847","11,9243","","-1,79%"
"04.10.2022","12,5199","12,5263","12,6863","12,2815","","1,00%"
"03.10.2022","12,3964","12,2935","12,4151","11,3434","","9,52%"
"30.09.2022","11,3190","11,2449","11,4888","11,1968","","1,13%"
"29.09.2022","11,1923","11,1759","11,2582","11,0255","","-0,31%"
"28.09.2022","11,2275","11,2319","11,3026","10,6894","","3,31%"
"27.09.2022","10,8675","10,8988","11,1641","10,8728","","-0,30%"
"26.09.2022","10,8999","10,8735","11,2867","10,8682","","-2,43%"
"23.09.2022","11,1716","11,6103","11,6395","11,1191","","-3,42%"
"22.09.2022","11,5678","11,5369","11,7200","11,3535","","1,10%"
"21.09.2022","11,4424","11,5113","11,7334","11,3308","","1,00%"
"20.09.2022","11,3296","11,3309","11,5170","11,2305","","-1,26%"
"19.09.2022","11,4741","11,5064","11,5351","11,3097","","-0,17%"
"16.09.2022","11,4940","11,1533","11,5165","11,0414","","3,57%"
"15.09.2022","11,0973","11,2364","11,5307","11,1066","","-3,58%"
"14.09.2022","11,5092","11,4924","11,5490","11,2942","","1,56%"
"13.09.2022","11,3326","11,3226","11,6934","11,3216","","-2,44%"
"12.09.2022","11,6165","11,5837","11,7206","11,0399","","5,15%"
"09.09.2022","11,0479","10,8939","11,1118","10,8879","","1,62%"
"08.09.2022","10,8717","10,8467","10,9799","10,7440","","0,74%"
"07.09.2022","10,7917","10,7976","10,8295","10,4588","","2,67%"
"06.09.2022","10,5108","10,5337","10,8754","10,5183","","-1,30%"
"05.09.2022","10,6491","10,6137","10,6908","10,5211","","0,80%"
"02.09.2022","10,5649","10,4409","10,7073","10,4124","","1,51%"
"01.09.2022","10,4082","10,4145","10,4818","10,2856","","-0,62%"
"31.08.2022","10,4728","10,5085","10,8451","10,4765","","-2,47%"
"30.08.2022","10,7380","10,7526","11,0077","10,7356","","-1,91%"
"29.08.2022","10,9466","10,9558","11,0513","10,8183","","-0,82%"
"26.08.2022","11,0368","11,2322","11,3463","11,0022","","-1,42%"
"25.08.2022","11,1954","11,2355","11,3352","11,1512","","0,44%"
"24.08.2022","11,1460","11,1402","11,2191","11,0719","","0,32%"
"23.08.2022","11,1109","11,1285","11,2294","10,9579","","0,90%"
"22.08.2022","11,0117","10,9987","11,1507","10,9142","","-0,65%"
"19.08.2022","11,0837","11,3448","11,3448","11,0837","","-2,11%"
"18.08.2022","11,3231","11,3487","11,5845","11,3146","","-0,74%"
"17.08.2022","11,4071","11,3987","11,7009","11,3800","","-1,59%"
"16.08.2022","11,5919","11,5861","11,7020","11,5167","","-0,63%"
"15.08.2022","11,6652","11,7050","12,0348","11,6081","","-2,73%"
"12.08.2022","11,9929","11,7037","12,0117","11,6821","","2,72%"
"11.08.2022","11,6750","11,7019","11,9125","11,6884","","-1,17%"
"10.08.2022","11,8128","11,7956","11,9949","11,7344","","0,09%"
"09.08.2022","11,8019","11,8030","11,9761","11,7471","","-1,12%"
"08.08.2022","11,9352","11,9054","11,9743","11,4084","","4,09%"
"05.08.2022","11,4667","11,6625","11,7219","11,3015","","-1,31%"
"04.08.2022","11,6192","11,6137","11,7716","11,5215","","0,88%"
"03.08.2022","11,5174","11,5586","11,6516","11,4219","","0,47%"
"02.08.2022","11,4631","11,5143","11,8359","11,4545","","-1,91%"
"01.08.2022","11,6868","11,6718","11,8227","11,5865","","-0,36%"
"29.07.2022","11,7294","11,5108","11,7380","11,4390","","2,02%"
"28.07.2022","11,4972","11,5016","11,5737","10,9578","","4,46%"
"27.07.2022","11,0062","10,9577","11,0301","10,6365","","2,70%"
"26.07.2022","10,7170","10,6948","10,7427","10,5496","","1,66%"
"25.07.2022","10,5419","10,5267","10,7764","10,5039","","-0,60%"
"22.07.2022","10,6050","10,7309","10,8062","10,5581","","-0,91%"
"21.07.2022","10,7025","10,7110","10,7743","10,3734","","1,28%"
"20.07.2022","10,5671","10,5594","10,7934","10,5363","","-0,18%"
"19.07.2022","10,5866","10,5657","10,6847","10,4430","","0,82%"
"18.07.2022","10,5003","10,4985","10,7001","10,4006","","0,31%"
"15.07.2022","10,4679","10,3669","10,5038","10,2354","","1,23%"
"14.07.2022","10,3404","10,3198","10,7740","10,2057","","-3,39%"
"13.07.2022","10,7037","10,7589","10,8926","10,4906","","1,92%"
"12.07.2022","10,5023","10,4909","10,7153","10,4966","","-1,27%"
"11.07.2022","10,6376","10,6576","10,8050","10,6272","","-0,77%"
"08.07.2022","10,7198","10,6885","10,8225","10,5950","","0,71%"
"07.07.2022","10,6437","10,6460","10,8153","10,5770","","0,45%"
"06.07.2022","10,5962","10,6162","10,7344","10,3972","","1,23%"
"05.07.2022","10,4677","10,5073","10,9189","10,4224","","-2,86%"
"04.07.2022","10,7762","10,7593","10,8395","10,6503","","0,72%"
"01.07.2022","10,6994","10,8807","10,8925","10,4464","","-1,43%"
"30.06.2022","10,8549","10,8697","11,1734","10,8332","","-1,99%"
"29.06.2022","11,0749","11,0626","11,2674","11,0376","","-0,40%"
"28.06.2022","11,1197","11,1292","11,4075","11,0996","","-1,28%"
"27.06.2022","11,2644","11,2392","11,5768","11,0675","","-1,88%"
"24.06.2022","11,4802","11,7224","11,8442","11,2171","","-2,09%"
"23.06.2022","11,7256","11,6780","12,0021","11,6749","","-1,55%"
"22.06.2022","11,9101","11,9236","12,0617","11,8610","","-1,09%"
"21.06.2022","12,0419","12,0732","12,2332","11,8771","","0,35%"
"20.06.2022","12,0000","11,9985","12,1545","11,9784","","-0,60%"
"17.06.2022","12,0721","12,1632","12,2173","12,0197","","-0,54%"
"16.06.2022","12,1374","12,1764","12,2472","11,8916","","1,12%"
"15.06.2022","12,0033","11,9687","12,1267","11,6739","","2,75%"
"14.06.2022","11,6819","11,6527","11,8446","11,6128","","-0,19%"
"13.06.2022","11,7036","11,7173","12,1436","11,6302","","-2,87%"
"10.06.2022","12,0495","12,0086","12,1017","11,6409","","0,50%"
"09.06.2022","11,9894","12,0200","12,2432","11,7064","","-1,55%"
"08.06.2022","12,1787","12,1629","12,2323","11,9212","","1,38%"
"07.06.2022","12,0133","12,0228","12,0480","11,7099","","2,25%"
"06.06.2022","11,7495","11,7695","12,0075","11,6173","","1,53%"
"03.06.2022","11,5719","11,8692","11,9449","11,5350","","-2,29%"
"02.06.2022","11,8436","11,8129","11,8668","11,4828","","2,78%"
"01.06.2022","11,5233","11,5038","11,6142","11,3004","","1,47%"
"31.05.2022","11,3568","11,3357","11,5999","11,3357","","-1,64%"
"30.05.2022","11,5457","11,5671","11,7310","11,5453","","0,14%"
"27.05.2022","11,5299","11,5826","11,8280","11,4819","","-0,22%"
"26.05.2022","11,5555","11,5585","11,5999","11,4349","","0,28%"
"25.05.2022","11,5230","11,5114","11,6206","11,3768","","0,70%"
"24.05.2022","11,4431","11,4252","11,4925","11,1107","","2,82%"
"23.05.2022","11,1297","11,1412","11,3623","11,0143","","-0,09%"
"20.05.2022","11,1399","11,2138","11,3380","11,0521","","-0,47%"
"19.05.2022","11,1924","11,1938","11,2268","10,9345","","2,21%"
"18.05.2022","10,9502","10,9728","11,1577","10,9224","","-0,83%"
"17.05.2022","11,0419","11,0173","11,1497","10,8095","","2,04%"
"16.05.2022","10,8212","10,8327","10,8571","10,4348","","2,96%"
"13.05.2022","10,5101","10,3107","10,5110","10,1899","","2,27%"
"12.05.2022","10,2765","10,2477","10,6472","10,2110","","-2,82%"
"11.05.2022","10,5749","10,5964","10,8131","10,4553","","0,82%"
"10.05.2022","10,4888","10,4466","10,7999","10,3969","","-0,85%"
"09.05.2022","10,5791","10,5724","10,7424","10,4904","","-1,41%"
"06.05.2022","10,7306","10,7306","10,8618","10,5786","","-0,04%"
"05.05.2022","10,7354","10,7435","11,0968","10,6759","","-1,02%"
"04.05.2022","10,8455","10,8738","10,9329","10,5711","","0,99%"
"03.05.2022","10,7390","10,7345","10,8914","10,7197","","-0,72%"
"02.05.2022","10,8168","10,8197","10,9052","10,5876","","-0,59%"
"29.04.2022","10,8810","11,0349","11,2305","10,8397","","-1,11%"
"28.04.2022","11,0030","11,0027","11,1228","10,9088","","-0,77%"
"27.04.2022","11,0884","11,0638","11,2843","11,0703","","-1,02%"
"26.04.2022","11,2024","11,1474","11,3628","11,1375","","-0,32%"
"25.04.2022","11,2384","11,2195","11,4530","11,1139","","-1,88%"
"22.04.2022","11,4539","11,6421","11,6583","11,4017","","-1,62%"
"21.04.2022","11,6421","11,6446","11,8783","11,5497","","-1,72%"
"20.04.2022","11,8463","11,8682","11,9298","11,7416","","0,31%"
"19.04.2022","11,8099","11,8571","12,2578","11,8189","","-2,83%"
"18.04.2022","12,1539","12,1532","12,3467","12,1173","","0,62%"
"15.04.2022","12,0794","12,0626","12,0891","12,0270","","0,17%"
"14.04.2022","12,0593","12,0287","12,1344","11,9047","","0,09%"
"13.04.2022","12,0488","12,0607","12,1167","11,8906","","1,44%"
"12.04.2022","11,8783","11,8731","12,0144","11,7453","","0,48%"
"11.04.2022","11,8211","11,8162","11,9655","11,7007","","0,58%"
"08.04.2022","11,7524","11,6831","11,7699","11,5729","","0,82%"
"07.04.2022","11,6569","11,6385","11,7061","11,4880","","0,98%"
"06.04.2022","11,5434","11,5366","11,6354","11,4393","","0,44%"
"05.04.2022","11,4932","11,5206","11,8000","11,4680","","-0,61%"
"04.04.2022","11,5638","11,5785","11,7482","11,4774","","-0,54%"
"01.04.2022","11,6265","11,6872","11,7252","11,5474","","-0,40%"
"31.03.2022","11,6735","11,6881","11,8357","11,5771","","-0,24%"
"30.03.2022","11,7011","11,7047","11,8021","11,5994","","0,92%"
"29.03.2022","11,5944","11,6053","11,9208","11,2513","","-2,16%"
"28.03.2022","11,8506","11,8486","12,1434","11,8203","","-2,62%"
"25.03.2022","12,1696","12,2074","12,2767","12,0638","","0,08%"
"24.03.2022","12,1603","12,1545","12,3204","11,8967","","1,41%"
"23.03.2022","11,9914","11,9732","12,0276","11,7654","","1,57%"
"22.03.2022","11,8056","11,8099","12,1042","11,7444","","-1,76%"
"21.03.2022","12,0171","11,9996","12,0600","11,8633","","1,06%"
"18.03.2022","11,8912","12,0151","12,0649","11,8279","","-0,68%"
"17.03.2022","11,9720","11,9728","12,0998","11,7682","","1,83%"
"16.03.2022","11,7563","11,7336","11,8455","11,5366","","-0,09%"
"15.03.2022","11,7672","11,7263","11,9452","11,5169","","-1,49%"
"14.03.2022","11,9454","11,8929","12,3031","11,8680","","-2,67%"
"11.03.2022","12,2735","12,3590","12,4739","12,0659","","-0,63%"
"10.03.2022","12,3513","12,3554","12,4914","11,9662","","2,20%"
"09.03.2022","12,0856","12,0991","12,5540","11,9827","","-1,89%"
"08.03.2022","12,3188","12,2956","12,5873","11,7348","","3,90%"
"07.03.2022","11,8562","11,8546","12,0928","11,6806","","1,28%"
"04.03.2022","11,7062","11,3979","11,7798","11,3842","","2,80%"
"03.03.2022","11,3873","11,4138","11,5808","11,3106","","0,31%"
"02.03.2022","11,3516","11,3881","11,5116","11,1982","","0,45%"
"01.03.2022","11,3011","11,3444","11,4294","10,7732","","4,01%"
"28.02.2022","10,8655","10,8813","11,0985","10,7519","","0,71%"
"25.02.2022","10,7894","10,9391","11,0997","10,5800","","-1,58%"
"24.02.2022","10,9627","10,9211","11,8693","10,7751","","0,48%"
"23.02.2022","10,9105","10,8986","10,9280","10,6245","","1,90%"
"22.02.2022","10,7071","10,6844","10,8634","10,5178","","1,45%"
"21.02.2022","10,5540","10,5362","10,6263","10,3813","","0,44%"
"18.02.2022","10,5073","10,5073","10,5602","10,3376","","1,55%"
"17.02.2022","10,3465","10,3913","10,4465","10,2424","","0,36%"
"16.02.2022","10,3095","10,3038","10,3525","10,1868","","0,97%"
"15.02.2022","10,2109","10,2029","10,4798","10,1428","","-2,05%"
"14.02.2022","10,4246","10,4156","10,4671","10,2386","","1,75%"
"11.02.2022","10,2453","10,0608","10,2912","9,9079","","2,08%"
"10.02.2022","10,0370","10,0458","10,2709","10,0576","","-0,94%"
"09.02.2022","10,1326","10,1368","10,1945","10,0842","","0,21%"
"08.02.2022","10,1118","10,1046","10,1797","9,9874","","0,63%"
"07.02.2022","10,0482","10,0326","10,0971","9,8546","","2,30%"
"04.02.2022","9,8223","9,7852","9,8855","9,6482","","0,49%"
"03.02.2022","9,7745","9,7663","9,8680","9,5874","","-0,14%"
"02.02.2022","9,7882","9,7930","9,9444","9,7344","","0,87%"
"01.02.2022","9,7033","9,7220","9,9016","9,5933","","1,13%"
"31.01.2022","9,5952","9,6001","9,7751","9,5833","","-2,00%"
"28.01.2022","9,7914","9,9622","9,9985","9,6434","","-1,74%"
"27.01.2022","9,9648","9,9682","10,3063","9,9026","","-3,08%"
"26.01.2022","10,2816","10,2511","10,4511","10,2304","","-0,69%"
"25.01.2022","10,3528","10,2952","10,4116","10,2661","","0,13%"
"24.01.2022","10,3398","10,3722","10,5353","10,1929","","-1,55%"
"21.01.2022","10,5031","10,4721","10,6054","10,4482","","0,40%"
"20.01.2022","10,4616","10,4659","10,5903","10,3130","","0,64%"
"19.01.2022","10,3946","10,4164","10,4519","10,1849","","1,80%"
"18.01.2022","10,2112","10,2058","10,3659","9,8914","","2,82%"
"17.01.2022","9,9316","9,9225","10,0925","9,8744","","-0,40%"
"14.01.2022","9,9710","10,0708","10,1458","9,9004","","-0,68%"
"13.01.2022","10,0389","10,0739","10,1841","9,8229","","1,81%"
"12.01.2022","9,8607","9,8284","10,2054","9,7774","","-2,01%"
"11.01.2022","10,0630","10,1049","10,1389","9,9413","","0,93%"
"10.01.2022","9,9700","9,9644","10,0273","9,8139","","0,26%"
"07.01.2022","9,9443","9,9443","10,0111","9,7736","","1,15%"
"06.01.2022","9,8310","9,8505","10,0733","9,6628","","-1,95%"
"05.01.2022","10,0261","10,0042","10,1500","9,7969","","0,95%"
"04.01.2022","9,9317","9,9363","10,0694","9,5405","","3,42%"
"03.01.2022","9,6035","9,6414","10,3575","9,5187","","-3,13%"
"31.12.2021","9,9136","9,8579","10,1757","9,6853","","1,38%"
"30.12.2021","9,7784","9,7243","9,8705","9,0874","","5,54%"
"29.12.2021","9,2650","9,2361","9,3029","8,7640","","5,74%"
"28.12.2021","8,7621","8,7163","8,9222","8,5415","","2,37%"
"27.12.2021","8,5591","8,6596","8,6652","7,9732","","8,99%"
"24.12.2021","7,8533","8,1515","9,0091","7,7571","","-6,65%"
"23.12.2021","8,4128","8,1498","8,9980","7,5292","","-4,38%"
"22.12.2021","8,7979","8,8183","9,2440","8,7654","","-0,94%"
"21.12.2021","8,8813","8,9682","10,2318","7,9884","","-7,95%"
"20.12.2021","9,6484","9,5439","13,1943","9,4265","","-18,27%"
"17.12.2021","11,8056","11,3212","12,4505","11,2818","","4,53%"
"16.12.2021","11,2937","11,3263","11,3442","10,4311","","7,20%"
"15.12.2021","10,5348","10,5020","10,5462","10,1207","","3,87%"
"14.12.2021","10,1419","10,1509","10,2523","9,8718","","2,35%"
"13.12.2021","9,9095","9,9079","10,4035","9,8181","","0,10%"
"10.12.2021","9,8994","9,7408","9,9256","9,6741","","1,74%"
"09.12.2021","9,7302","9,7071","9,9040","9,7017","","-1,24%"
"08.12.2021","9,8526","9,8548","9,9252","9,7847","","0,92%"
"07.12.2021","9,7624","9,7519","9,9468","9,7100","","-1,65%"
"06.12.2021","9,9266","9,9206","10,0262","9,8135","","-0,05%"
"03.12.2021","9,9313","9,8730","10,0012","9,6457","","0,71%"
"02.12.2021","9,8613","9,8281","9,9259","9,5684","","2,80%"
"01.12.2021","9,5930","9,5090","10,1478","9,1863","","-3,05%"
"30.11.2021","9,8944","9,8915","10,0687","9,3432","","5,46%"
"29.11.2021","9,3817","9,4354","9,5875","9,2306","","1,40%"
"26.11.2021","9,2518","9,0849","9,5671","9,0330","","1,53%"
"25.11.2021","9,1125","9,0261","9,2837","9,0296","","-0,66%"
"24.11.2021","9,1734","9,1848","9,9851","8,7486","","-3,65%"
"23.11.2021","9,5211","9,5365","10,2619","8,8662","","9,18%"
"22.11.2021","8,7206","8,7080","9,0300","8,7109","","-1,99%"
"19.11.2021","8,8974","8,8339","9,0653","8,6567","","1,48%"
"18.11.2021","8,7676","8,7676","8,9974","8,4091","","2,91%"
"17.11.2021","8,5197","8,5173","8,6863","8,2560","","3,91%"
"16.11.2021","8,1993","8,1966","8,3791","8,1070","","1,58%"
"15.11.2021","8,0718","8,0695","8,1803","8,0211","","-0,61%"
"12.11.2021","8,1213","8,0569","8,1651","7,9245","","1,33%"
"11.11.2021","8,0145","8,0232","8,0580","7,8019","","3,30%"
"10.11.2021","7,7584","7,7695","7,9331","7,5902","","2,33%"
"09.11.2021","7,5815","7,5806","7,6380","7,5153","","-0,03%"
"08.11.2021","7,5834","7,5842","7,6337","7,5092","","0,65%"
"05.11.2021","7,5344","7,4035","7,5344","7,3734","","1,70%"
"04.11.2021","7,4087","7,4045","7,5148","7,2926","","1,39%"
"03.11.2021","7,3072","7,2828","7,3887","7,1824","","1,32%"
"02.11.2021","7,2119","7,2205","7,3853","7,2023","","-1,52%"
"01.11.2021","7,3230","7,3303","7,3785","7,2920","","-0,78%"
"29.10.2021","7,3805","7,3780","7,4339","7,2880","","0,52%"
"28.10.2021","7,3426","7,3423","7,4718","7,3324","","0,54%"
"27.10.2021","7,3031","7,3074","7,4241","7,2827","","-0,84%"
"26.10.2021","7,3650","7,3761","7,5732","7,3060","","-2,22%"
"25.10.2021","7,5323","7,5451","7,7117","7,5212","","0,31%"
"22.10.2021","7,5090","7,4069","7,6779","7,3676","","1,96%"
"21.10.2021","7,3647","7,3543","7,4171","7,1854","","2,51%"
"20.10.2021","7,1847","7,1764","7,2404","7,0561","","2,04%"
"19.10.2021","7,0413","7,0497","7,2260","6,9689","","1,52%"
"18.10.2021","6,9361","6,9425","6,9918","6,8800","","-0,15%"
"15.10.2021","6,9467","6,9461","6,9748","6,8468","","0,33%"
"14.10.2021","6,9240","6,9289","6,9662","6,7373","","2,18%"
"13.10.2021","6,7764","6,7867","6,8196","6,5368","","3,75%"
"12.10.2021","6,5314","6,5360","6,5977","6,4814","","0,46%"
"11.10.2021","6,5013","6,5036","6,5762","6,4778","","-0,55%"
"08.10.2021","6,5375","6,4457","6,6349","6,4103","","2,01%"
"07.10.2021","6,4088","6,4187","6,5026","6,3924","","-0,62%"
"06.10.2021","6,4489","6,4493","6,4770","6,3703","","0,46%"
"05.10.2021","6,4191","6,4212","6,4640","6,3760","","0,05%"
"04.10.2021","6,4160","6,4370","6,4762","6,3436","","-0,11%"
"01.10.2021","6,4232","6,3200","6,4345","6,2859","","1,97%"
"30.09.2021","6,2992","6,3161","6,3577","6,1423","","2,54%"
"29.09.2021","6,1432","6,1392","6,4388","6,1164","","-3,80%"
"28.09.2021","6,3856","6,3817","6,4318","6,3213","","-0,13%"
"27.09.2021","6,3936","6,3942","6,4937","6,3756","","-0,21%"
"24.09.2021","6,4069","6,3652","6,4586","6,2968","","1,17%"
"23.09.2021","6,3328","6,3223","6,4331","6,2693","","0,60%"
"22.09.2021","6,2953","6,2976","6,4247","6,2331","","1,22%"
"21.09.2021","6,2196","6,2178","6,3125","6,1816","","0,44%"
"20.09.2021","6,1922","6,1887","6,3024","6,1285","","-0,53%"
"17.09.2021","6,2252","6,2968","6,3885","6,1888","","-0,58%"
"16.09.2021","6,2612","6,2629","6,4984","6,1980","","-2,94%"
"15.09.2021","6,4511","6,4418","6,4922","6,4249","","0,11%"
"14.09.2021","6,4438","6,4468","6,5065","6,3779","","0,50%"
"13.09.2021","6,4115","6,4094","6,4865","6,3631","","-0,83%"
"10.09.2021","6,4650","6,5308","6,5982","6,4615","","-0,53%"
"09.09.2021","6,4993","6,5048","6,6051","6,4959","","0,04%"
"08.09.2021","6,4968","6,4955","6,6326","6,5157","","-0,12%"
"07.09.2021","6,5046","6,5078","6,6133","6,4840","","-0,61%"
"06.09.2021","6,5448","6,5505","6,6426","6,5589","","-1,03%"
"03.09.2021","6,6132","6,3650","6,6439","6,3629","","4,36%"
"02.09.2021","6,3369","6,3407","6,4568","6,3378","","-1,39%"
"01.09.2021","6,4261","6,4206","6,4801","6,3486","","1,03%"
"31.08.2021","6,3608","6,3658","6,5214","6,3621","","-0,89%"
"30.08.2021","6,4179","6,4195","6,5194","6,4287","","-0,52%"
"27.08.2021","6,4513","6,3611","6,4734","6,3055","","1,89%"
"26.08.2021","6,3316","6,3309","6,4361","6,3156","","-1,05%"
"25.08.2021","6,3991","6,3985","6,4564","6,3767","","-0,15%"
"24.08.2021","6,4090","6,4133","6,4800","6,3745","","0,54%"
"23.08.2021","6,3747","6,3758","6,4366","6,2774","","1,34%"
"20.08.2021","6,2906","6,3738","6,4066","6,2593","","-1,09%"
"19.08.2021","6,3601","6,3486","6,4419","6,2111","","-0,16%"
"18.08.2021","6,3705","6,3818","6,4853","6,3513","","-0,33%"
"17.08.2021","6,3914","6,3917","6,5255","6,3906","","-1,25%"
"16.08.2021","6,4724","6,4668","6,5107","6,3714","","-0,61%"
"13.08.2021","6,5124","6,3884","6,5470","6,3763","","2,16%"
"12.08.2021","6,3750","6,3663","6,5330","6,3472","","-2,36%"
"11.08.2021","6,5293","6,5330","6,5623","6,4224","","1,43%"
"10.08.2021","6,4371","6,4481","6,5864","6,4173","","-0,95%"
"09.08.2021","6,4987","6,5045","6,6880","6,4571","","-3,82%"
"06.08.2021","6,7571","6,8989","6,9452","6,7178","","-1,63%"
"05.08.2021","6,8691","6,8778","6,9996","6,8927","","-0,34%"
"04.08.2021","6,8926","6,8974","7,0443","6,8967","","0,15%"
"03.08.2021","6,8821","6,8722","6,9283","6,7516","","1,14%"
"02.08.2021","6,8042","6,8060","6,9743","6,7999","","-1,80%"
"30.07.2021","6,9292","6,9404","6,9792","6,8650","","0,09%"
"29.07.2021","6,9228","6,9189","7,0486","6,8839","","0,99%"
"28.07.2021","6,8549","6,8541","6,8928","6,7878","","0,97%"
"27.07.2021","6,7891","6,7798","6,9549","6,7480","","-1,60%"
"26.07.2021","6,8993","6,9138","7,0235","6,9096","","-0,41%"
"23.07.2021","6,9275","6,9960","7,0099","6,8853","","-0,48%"
"22.07.2021","6,9611","6,9576","7,0105","6,8801","","0,72%"
"21.07.2021","6,9110","6,9108","6,9702","6,8311","","1,27%"
"20.07.2021","6,8241","6,8268","6,9741","6,8212","","-1,10%"
"19.07.2021","6,9001","6,9096","7,0658","6,8914","","-1,92%"
"16.07.2021","7,0352","7,2512","7,2847","6,9936","","-2,75%"
"15.07.2021","7,2343","7,2259","7,2838","7,2027","","0,32%"
"14.07.2021","7,2109","7,2212","7,3089","7,1911","","0,52%"
"13.07.2021","7,1738","7,1788","7,3146","7,1871","","-1,24%"
"12.07.2021","7,2640","7,2577","7,3149","7,1872","","-0,05%"
"09.07.2021","7,2680","7,2406","7,2952","7,1951","","0,74%"
"08.07.2021","7,2143","7,2308","7,3351","7,2151","","-0,93%"
"07.07.2021","7,2817","7,2823","7,3744","7,2754","","0,14%"
"06.07.2021","7,2715","7,2798","7,4481","7,2723","","-1,01%"
"05.07.2021","7,3460","7,3496","7,4385","7,3506","","-0,66%"
"02.07.2021","7,3952","7,2541","7,4203","7,2405","","2,32%"
"01.07.2021","7,2273","7,2270","7,3669","7,2333","","-0,55%"
"30.06.2021","7,2674","7,2858","7,3196","7,1824","","0,74%"
"29.06.2021","7,2142","7,2152","7,3184","7,1828","","-0,63%"
"28.06.2021","7,2597","7,2613","7,3691","7,2746","","-1,30%"
"25.06.2021","7,3551","7,2621","7,3735","7,2538","","1,66%"
"24.06.2021","7,2350","7,2427","7,3092","7,1793","","1,29%"
"23.06.2021","7,1427","7,1582","7,2957","7,1657","","-0,07%"
"22.06.2021","7,1479","7,1473","7,3501","7,1574","","-2,14%"
"21.06.2021","7,3045","7,2994","7,3584","7,2093","","0,66%"
"18.06.2021","7,2566","7,2894","7,3946","7,2399","","-0,05%"
"17.06.2021","7,2601","7,2470","7,5417","7,2199","","-3,28%"
"16.06.2021","7,5062","7,4362","7,6464","7,4271","","-1,02%"
"15.06.2021","7,5836","7,5809","7,6387","7,5150","","0,97%"
"14.06.2021","7,5107","7,5155","7,6009","7,3966","","-0,34%"
"11.06.2021","7,5367","7,5846","7,6555","7,4955","","-0,25%"
"10.06.2021","7,5554","7,5665","7,6828","7,5055","","-1,21%"
"09.06.2021","7,6480","7,6431","7,7174","7,5969","","0,42%"
"08.06.2021","7,6163","7,6058","7,7473","7,6098","","-1,10%"
"07.06.2021","7,7009","7,6969","7,7581","7,6249","","-0,58%"
"04.06.2021","7,7461","7,6875","7,7629","7,5999","","1,11%"
"03.06.2021","7,6608","7,6521","7,8016","7,5805","","-1,22%"
"02.06.2021","7,7552","7,7466","7,7912","7,6494","","1,87%"
"01.06.2021","7,6130","7,6322","7,8654","7,6238","","-0,26%"
"31.05.2021","7,6327","7,6373","7,7541","7,6073","","-0,74%"
"28.05.2021","7,6896","7,6278","7,7061","7,5421","","1,34%"
"27.05.2021","7,5880","7,5829","7,6384","7,4773","","1,01%"
"26.05.2021","7,5123","7,5024","7,6709","7,5100","","-0,92%"
"25.05.2021","7,5821","7,5848","7,6241","7,4181","","1,88%"
"24.05.2021","7,4419","7,4600","7,5268","7,4256","","-0,22%"
"21.05.2021","7,4580","7,4714","7,5549","7,3426","","0,12%"
"20.05.2021","7,4490","7,4534","7,5423","7,4211","","-0,08%"
"19.05.2021","7,4546","7,4784","7,6151","7,4161","","-1,04%"
"18.05.2021","7,5332","7,5399","7,6865","7,5352","","0,26%"
"17.05.2021","7,5133","7,5064","7,5642","7,3717","","0,76%"
"14.05.2021","7,4569","7,3983","7,4594","7,3375","","1,34%"
"13.05.2021","7,3583","7,3729","7,4260","7,2994","","0,60%"
"12.05.2021","7,3141","7,2769","7,4420","7,2924","","-0,34%"
"11.05.2021","7,3394","7,3497","7,3774","7,2241","","1,37%"
"10.05.2021","7,2402","7,2393","7,3997","7,2530","","-0,46%"
"07.05.2021","7,2735","7,2656","7,3545","7,2042","","0,30%"
"06.05.2021","7,2517","7,2372","7,3197","7,0241","","2,88%"
"05.05.2021","7,0490","7,0683","7,1126","7,0075","","-0,18%"
"04.05.2021","7,0617","7,0691","7,2471","7,0240","","-0,54%"
"03.05.2021","7,0998","7,1083","7,1782","6,8835","","2,78%"
"30.04.2021","6,9079","6,8852","6,9778","6,8400","","0,52%"
"29.04.2021","6,8719","6,8748","6,9922","6,8164","","-0,55%"
"28.04.2021","6,9100","6,8996","6,9416","6,7899","","0,09%"
"27.04.2021","6,9035","6,9076","7,0026","6,9049","","-0,74%"
"26.04.2021","6,9549","6,9562","7,0813","6,9233","","-0,95%"
"23.04.2021","7,0218","6,9919","7,0906","6,9661","","1,03%"
"22.04.2021","6,9501","6,9471","7,1151","6,9581","","-0,22%"
"21.04.2021","6,9655","6,9760","7,0179","6,7250","","3,89%"
"20.04.2021","6,7047","6,7201","6,8062","6,7039","","0,14%"
"19.04.2021","6,6956","6,6964","6,8083","6,6657","","-0,62%"
"16.04.2021","6,7373","6,6819","6,8199","6,6534","","1,14%"
"15.04.2021","6,6612","6,6674","6,7500","6,5829","","0,99%"
"14.04.2021","6,5957","6,5820","6,6631","6,5569","","-0,04%"
"13.04.2021","6,5983","6,6069","6,6731","6,4801","","1,86%"
"12.04.2021","6,4778","6,4773","6,6500","6,4788","","-2,35%"
"09.04.2021","6,6334","6,6557","6,6810","6,5602","","0,01%"
"08.04.2021","6,6329","6,6373","6,7152","6,5603","","0,99%"
"07.04.2021","6,5682","6,5758","6,6333","6,5416","","0,16%"
"06.04.2021","6,5579","6,5628","6,6301","6,4679","","1,60%"
"05.04.2021","6,4544","6,4743","6,6347","6,4360","","-1,54%"
"02.04.2021","6,5553","6,5264","6,5708","6,4145","","0,77%"
"01.04.2021","6,5051","6,5051","6,5305","6,3781","","0,77%"
"31.03.2021","6,4551","6,4580","6,5131","6,3675","","0,61%"
"30.03.2021","6,4159","6,4152","6,6213","6,3885","","-0,77%"
"29.03.2021","6,4659","6,4680","6,5650","6,4009","","0,09%"
"26.03.2021","6,4600","6,3679","6,5315","6,4129","","1,29%"
"25.03.2021","6,3775","6,3786","6,4484","6,2724","","0,41%"
"24.03.2021","6,3512","6,3551","6,5039","6,3382","","0,54%"
"23.03.2021","6,3174","6,3068","6,5477","6,3162","","-3,43%"
"22.03.2021","6,5419","6,5402","6,8246","6,3192","","8,18%"
"19.03.2021","6,0474","6,1015","6,1955","6,0499","","-0,96%"
"18.03.2021","6,1061","6,1161","6,4145","6,1001","","-3,68%"
"17.03.2021","6,3397","6,3432","6,3990","6,2125","","1,90%"
"16.03.2021","6,2217","6,2313","6,3723","6,2320","","-1,80%"
"15.03.2021","6,3356","6,3451","6,3897","6,2794","","0,45%"
"12.03.2021","6,3075","6,2774","6,3085","6,1947","","0,60%"
"11.03.2021","6,2702","6,2779","6,3581","6,2542","","-0,49%"
"10.03.2021","6,3012","6,3189","6,3782","6,2571","","-0,59%"
"09.03.2021","6,3386","6,3307","6,4108","6,2429","","1,53%"
"08.03.2021","6,2433","6,2206","6,2990","6,1212","","3,37%"
"05.03.2021","6,0399","6,0814","6,1409","6,0298","","-0,48%"
"04.03.2021","6,0691","6,0532","6,3049","6,0947","","-2,44%"
"03.03.2021","6,2209","6,2266","6,3368","6,1791","","-1,35%"
"02.03.2021","6,3061","6,3109","6,3634","6,0738","","1,89%"
"01.03.2021","6,1889","6,2070","6,4175","6,1999","","-2,86%"
"26.02.2021","6,3712","6,4937","6,5333","6,2408","","-0,18%"
"25.02.2021","6,3830","6,3575","6,5789","6,4095","","-0,72%"
"24.02.2021","6,4290","6,4457","6,4611","6,2618","","2,37%"
"23.02.2021","6,2800","6,2797","6,3913","6,2286","","-1,67%"
"22.02.2021","6,3868","6,3699","6,3811","6,1422","","4,63%"
"19.02.2021","6,1044","5,9510","6,1720","5,9510","","1,21%"
"18.02.2021","6,0312","6,0399","6,1706","5,8859","","-1,41%"
"17.02.2021","6,1172","6,1135","6,1899","6,0342","","0,30%"
"16.02.2021","6,0988","6,1266","6,2550","6,0378","","-0,78%"
"15.02.2021","6,1466","6,1529","6,2461","6,1519","","-0,73%"
"12.02.2021","6,1918","6,1011","6,1964","6,0759","","1,84%"
"11.02.2021","6,0800","6,0747","6,1889","6,0609","","-0,61%"
"10.02.2021","6,1173","6,1165","6,2407","6,0884","","-1,05%"
"09.02.2021","6,1824","6,1790","6,3428","6,1753","","0,05%"
"08.02.2021","6,1796","6,1845","6,2910","6,0978","","1,56%"
"05.02.2021","6,0849","6,0282","6,1413","5,9948","","0,90%"
"04.02.2021","6,0305","6,0305","6,1808","5,9286","","-2,22%"
"03.02.2021","6,1672","6,1660","6,2879","6,1038","","-0,68%"
"02.02.2021","6,2097","6,1613","6,6713","6,0754","","-6,55%"
"01.02.2021","6,6447","6,6940","6,9851","6,4908","","4,56%"
"29.01.2021","6,3552","6,2627","6,4719","6,1759","","2,06%"
"28.01.2021","6,2270","6,2317","6,3316","5,9231","","4,16%"
"27.01.2021","5,9781","5,9963","6,0295","5,8862","","-0,39%"
"26.01.2021","6,0013","5,9999","6,0719","5,9992","","-0,34%"
"25.01.2021","6,0217","6,0118","6,1301","6,0014","","-0,39%"
"22.01.2021","6,0451","6,1391","6,1511","5,9786","","-1,50%"
"21.01.2021","6,1372","6,1273","6,2116","6,0694","","-0,18%"
"20.01.2021","6,1483","6,1403","6,1759","5,9978","","1,49%"
"19.01.2021","6,0583","6,0380","6,0933","5,9914","","1,16%"
"18.01.2021","5,9889","6,0777","6,0704","5,8176","","1,14%"
"15.01.2021","5,9212","6,0328","6,1062","5,8998","","-1,94%"
"14.01.2021","6,0381","6,0162","6,1229","5,9625","","0,28%"
"13.01.2021","6,0210","6,0039","6,1655","5,9955","","-1,45%"
"12.01.2021","6,1093","6,1136","6,1579","6,0099","","1,58%"
"11.01.2021","6,0140","5,9689","6,0836","5,7907","","-0,24%"
"08.01.2021","6,0283","6,4057","6,4176","5,8186","","-5,48%"
"07.01.2021","6,3779","6,3723","6,4681","6,2871","","-0,39%"
"06.01.2021","6,4029","6,3987","6,5769","6,2615","","-2,25%"
"05.01.2021","6,5505","6,5395","6,5792","6,4504","","0,94%"
"04.01.2021","6,4898","6,4900","6,5569","6,3765","","3,59%"
"01.01.2021","6,2651","6,2685","6,3104","6,3101","","-0,19%"
"31.12.2020","6,2770","6,2747","6,3796","6,2394","","-0,37%"
"30.12.2020","6,3001","6,3150","6,3353","6,1562","","1,60%"
"29.12.2020","6,2008","6,2101","6,3711","6,1580","","-1,50%"
"28.12.2020","6,2952","6,2634","6,5020","6,2577","","0,37%"
"25.12.2020","6,2723","6,2759","6,2931","6,2506","","-0,21%"
"24.12.2020","6,2856","6,3263","6,3802","6,1916","","0,58%"
"23.12.2020","6,2496","6,2623","6,3304","6,1714","","0,58%"
"22.12.2020","6,2138","6,1948","6,5336","6,1788","","-3,80%"
"21.12.2020","6,4595","6,4308","6,7674","6,2070","","2,39%"
"18.12.2020","6,3087","6,3875","6,4314","6,3095","","-1,48%"
"17.12.2020","6,4037","6,4385","6,4852","6,3138","","0,99%"
"16.12.2020","6,3409","6,3524","6,3865","6,1612","","2,97%"
"15.12.2020","6,1581","6,1653","6,1919","6,0215","","2,57%"
"14.12.2020","6,0038","5,9903","6,1116","5,9989","","-0,48%"
"11.12.2020","6,0327","6,0819","6,1480","6,0069","","-0,52%"
"10.12.2020","6,0643","6,0667","6,1417","5,9918","","1,19%"
"09.12.2020","5,9930","6,0212","6,1750","5,9476","","-2,65%"
"08.12.2020","6,1559","6,1621","6,2594","6,1429","","0,09%"
"07.12.2020","6,1505","6,1329","6,2175","5,9431","","2,23%"
"04.12.2020","6,0165","6,0381","6,1108","5,9970","","0,15%"
"03.12.2020","6,0077","5,9962","6,1696","5,9316","","-0,80%"
"02.12.2020","6,0559","6,0818","6,1256","5,9278","","1,29%"
"01.12.2020","5,9789","6,0259","6,0703","5,6933","","5,84%"
"30.11.2020","5,6490","5,6647","5,7218","5,5004","","-1,08%"
"27.11.2020","5,7110","5,8698","5,9098","5,6366","","-6,25%"
"26.11.2020","6,0914","6,0914","6,0017","5,8768","","2,27%"
"25.11.2020","5,9564","5,9542","6,0395","5,9050","","0,15%"
"24.11.2020","5,9473","5,9520","6,0513","5,8721","","-0,21%"
"23.11.2020","5,9600","5,9727","6,1578","5,9377","","0,18%"
"20.11.2020","5,9494","5,8695","6,0431","5,8140","","2,68%"
"19.11.2020","5,7942","5,8231","6,0372","5,7621","","-3,63%"
"18.11.2020","6,0125","6,0177","6,1319","6,0112","","-0,58%"
"17.11.2020","6,0474","6,0451","6,1802","6,0394","","-1,03%"
"16.11.2020","6,1105","6,1277","6,1968","6,0291","","0,99%"
"13.11.2020","6,0507","5,9390","6,1425","5,9359","","1,16%"
"12.11.2020","5,9813","5,9902","6,1477","5,9759","","-1,69%"
"11.11.2020","6,0840","6,1010","6,4360","5,9957","","-3,76%"
"10.11.2020","6,3215","6,3190","6,5219","6,2750","","0,02%"
"09.11.2020","6,3205","6,2946","7,0369","6,1678","","-9,84%"
"06.11.2020","7,0105","6,8316","7,1059","6,7452","","3,19%"
"05.11.2020","6,7937","6,8665","6,8961","6,4836","","5,01%"
"04.11.2020","6,4693","6,4540","6,6364","6,3363","","-1,56%"
"03.11.2020","6,5715","6,5138","6,6821","6,4907","","1,00%"
"02.11.2020","6,5063","6,5077","6,5530","6,3098","","2,06%"
"30.10.2020","6,3752","6,2266","6,3966","6,1904","","4,18%"
"29.10.2020","6,1195","6,1066","6,2867","6,0589","","-0,21%"
"28.10.2020","6,1321","6,1266","6,4881","6,1089","","-3,81%"
"27.10.2020","6,3751","6,3908","6,4458","6,3171","","1,26%"
"26.10.2020","6,2956","6,2862","6,3682","6,1848","","-0,11%"
"23.10.2020","6,3025","6,3088","6,3686","6,2526","","0,34%"
"22.10.2020","6,2809","6,2808","6,3857","6,1937","","0,14%"
"21.10.2020","6,2719","6,2918","6,3612","6,2544","","0,46%"
"20.10.2020","6,2430","6,2172","6,3025","6,1714","","1,31%"
"19.10.2020","6,1620","6,1669","6,3396","6,1376","","0,00%"
"16.10.2020","6,1621","6,1826","6,2618","6,1415","","-0,17%"
"15.10.2020","6,1726","6,1802","6,2109","6,0315","","0,70%"
"14.10.2020","6,1298","6,1500","6,2679","6,0955","","0,16%"
"13.10.2020","6,1201","6,1234","6,3795","6,0974","","-3,47%"
"12.10.2020","6,3399","6,3344","6,4733","6,2862","","-0,19%"
"09.10.2020","6,3518","6,0997","6,3593","6,0997","","4,81%"
"08.10.2020","6,0603","6,0603","6,1693","6,0189","","0,84%"
"07.10.2020","6,0096","6,0102","6,0739","5,8182","","3,98%"
"06.10.2020","5,7797","5,7730","6,1160","5,7482","","-4,43%"
"05.10.2020","6,0476","6,0539","6,1018","5,9082","","2,00%"
"02.10.2020","5,9293","5,9305","6,0324","5,8532","","0,50%"
"01.10.2020","5,8999","5,8807","6,0091","5,7633","","2,51%"
"30.09.2020","5,7552","5,7330","6,0999","5,7687","","-5,75%"
"29.09.2020","6,1062","6,1022","6,1420","5,8739","","3,09%"
"28.09.2020","5,9232","5,8949","5,9747","5,5619","","4,93%"
"25.09.2020","5,6447","5,6981","5,7007","5,5092","","-0,44%"
"24.09.2020","5,6696","5,6588","5,7192","5,3773","","4,60%"
"23.09.2020","5,4202","5,6317","6,0365","5,3994","","-9,35%"
"22.09.2020","5,9792","5,9919","6,1835","5,8761","","-1,72%"
"21.09.2020","6,0841","6,0385","6,5582","5,8506","","-6,57%"
"18.09.2020","6,5119","6,5717","6,6123","6,5027","","-0,52%"
"17.09.2020","6,5462","6,5445","6,5818","6,3957","","0,34%"
"16.09.2020","6,5242","6,5266","6,6137","6,4962","","0,49%"
"15.09.2020","6,4924","6,5039","6,6471","6,5055","","-0,21%"
"14.09.2020","6,5058","6,5021","6,5741","6,4194","","1,25%"
"11.09.2020","6,4258","6,4231","6,4934","6,3644","","0,53%"
"10.09.2020","6,3917","6,4092","6,5864","6,3965","","-1,26%"
"09.09.2020","6,4734","6,4585","6,5341","6,3649","","1,48%"
"08.09.2020","6,3789","6,3905","6,4973","6,2260","","-0,67%"
"07.09.2020","6,4217","6,4258","6,4951","6,3724","","0,03%"
"04.09.2020","6,4198","6,3160","6,4631","6,3122","","1,26%"
"03.09.2020","6,3398","6,3302","6,5795","6,3169","","-2,63%"
"02.09.2020","6,5108","6,4931","6,7071","6,4357","","-1,73%"
"01.09.2020","6,6257","6,6074","6,8404","6,5871","","0,00%"
"31.08.2020","6,6260","6,6250","6,7077","6,5222","","2,49%"
"28.08.2020","6,4652","6,4667","6,5364","6,3532","","1,79%"
"27.08.2020","6,3512","6,3860","6,5674","6,2762","","-1,67%"
"26.08.2020","6,4588","6,4878","6,5327","6,1774","","2,94%"
"25.08.2020","6,2741","6,2792","6,3538","6,2008","","0,05%"
"24.08.2020","6,2707","6,2893","6,4560","6,2047","","-0,74%"
"21.08.2020","6,3177","6,4477","6,4690","6,0530","","-1,85%"
"20.08.2020","6,4369","6,4073","6,4674","6,2341","","3,70%"
"19.08.2020","6,2074","6,1948","6,6395","6,2156","","-5,76%"
"18.08.2020","6,5869","6,5413","6,7470","6,4444","","1,75%"
"17.08.2020","6,4733","6,5029","6,5438","6,1349","","3,34%"
"14.08.2020","6,2643","6,4786","6,5067","6,1359","","-2,92%"
"13.08.2020","6,4530","6,4476","6,5420","6,0272","","8,09%"
"12.08.2020","5,9703","5,9933","6,1808","5,4733","","1,03%"
"11.08.2020","5,9097","5,7737","6,8721","5,6986","","-12,35%"
"10.08.2020","6,7427","6,7674","6,9028","6,5476","","1,95%"
"07.08.2020","6,6137","6,9341","6,9457","6,3555","","-4,25%"
"06.08.2020","6,9076","6,7986","6,9528","6,0873","","13,66%"
"05.08.2020","6,0775","6,0820","6,1544","5,6923","","4,36%"
"04.08.2020","5,8236","5,8699","5,8489","5,4135","","7,46%"
"03.08.2020","5,4194","5,4381","5,6982","5,4042","","-0,78%"
"31.07.2020","5,4618","5,2663","5,4920","5,2223","","4,08%"
"30.07.2020","5,2475","5,2537","5,4790","5,1497","","-3,03%"
"29.07.2020","5,4117","5,4267","5,5926","5,2396","","0,88%"
"28.07.2020","5,3643","5,4511","5,7808","4,9482","","-3,31%"
"27.07.2020","5,5482","5,3896","5,6631","5,0517","","10,73%"
"24.07.2020","5,0108","4,9628","5,0427","4,9308","","0,91%"
"23.07.2020","4,9656","4,9652","5,0898","4,9147","","-1,24%"
"22.07.2020","5,0279","5,0673","5,1150","4,7307","","3,35%"
"21.07.2020","4,8648","4,6621","4,9300","4,3808","","11,28%"
"20.07.2020","4,3717","4,3819","4,3921","4,2460","","2,49%"
"17.07.2020","4,2656","4,2268","4,2782","4,1746","","1,16%"
"16.07.2020","4,2168","4,2166","4,2899","4,2132","","-1,31%"
"15.07.2020","4,2729","4,2746","4,2953","4,2281","","0,59%"
"14.07.2020","4,2478","4,2293","4,2668","4,1697","","0,95%"
"13.07.2020","4,2078","4,1984","4,2733","4,1424","","1,84%"
"10.07.2020","4,1317","4,1219","4,1515","4,0816","","0,58%"
"09.07.2020","4,1078","4,1065","4,2017","4,0881","","-0,20%"
"08.07.2020","4,1162","4,1151","4,1423","4,0260","","2,39%"
"07.07.2020","4,0202","4,0151","4,0521","3,9723","","-0,15%"
"06.07.2020","4,0263","4,0185","4,0584","3,9589","","1,35%"
"03.07.2020","3,9727","3,9540","3,9942","3,9532","","0,79%"
"02.07.2020","3,9416","3,9483","3,9944","3,9192","","-0,34%"
"01.07.2020","3,9549","3,9543","4,0659","3,9354","","-1,09%"
"30.06.2020","3,9984","3,9981","4,0186","3,9130","","1,91%"
"29.06.2020","3,9236","3,9181","3,9551","3,8997","","0,04%"
"26.06.2020","3,9222","3,9190","3,9503","3,8602","","0,31%"
"25.06.2020","3,9102","3,9123","3,9307","3,8470","","1,45%"
"24.06.2020","3,8544","3,8448","3,9796","3,8471","","-2,33%"
"23.06.2020","3,9463","3,9383","3,9673","3,8902","","1,09%"
"22.06.2020","3,9038","3,8905","3,9683","3,8894","","0,66%"
"19.06.2020","3,8782","3,8376","3,9202","3,8309","","1,49%"
"18.06.2020","3,8211","3,8207","3,8943","3,8188","","-0,53%"
"17.06.2020","3,8413","3,8426","3,8750","3,8116","","0,20%"
"16.06.2020","3,8337","3,8333","3,8674","3,7942","","0,38%"
"15.06.2020","3,8193","3,8202","3,8472","3,7315","","-0,31%"
"12.06.2020","3,8312","3,8798","3,8977","3,8240","","-1,18%"
"11.06.2020","3,8769","3,8700","3,9728","3,8476","","-1,15%"
"10.06.2020","3,9221","3,9460","3,9634","3,8384","","2,50%"
"09.06.2020","3,8266","3,8235","3,8863","3,8171","","-0,65%"
"08.06.2020","3,8515","3,8657","3,8860","3,7891","","1,46%"
"05.06.2020","3,7962","3,8399","3,8604","3,7557","","-1,13%"
"04.06.2020","3,8394","3,8430","3,8796","3,7956","","0,75%"
"03.06.2020","3,8107","3,8163","3,9129","3,7911","","-2,13%"
"02.06.2020","3,8937","3,8955","4,0230","3,8404","","-2,73%"
"01.06.2020","4,0029","3,9974","4,0231","3,9487","","2,21%"
"29.05.2020","3,9164","3,8183","3,9330","3,7876","","2,99%"
"28.05.2020","3,8028","3,7978","3,8360","3,7456","","1,69%"
"27.05.2020","3,7397","3,7479","3,7790","3,6718","","0,20%"
"26.05.2020","3,7322","3,7353","3,8214","3,6881","","0,07%"
"25.05.2020","3,7297","3,7372","3,7629","3,7029","","-0,62%"
"22.05.2020","3,7528","3,7454","3,7769","3,6562","","1,05%"
"21.05.2020","3,7138","3,7203","3,8133","3,6957","","-2,49%"
"20.05.2020","3,8088","3,8121","3,8488","3,7786","","-0,05%"
"19.05.2020","3,8108","3,8132","3,8146","3,7144","","1,01%"
"18.05.2020","3,7728","3,7520","3,8683","3,7186","","2,18%"
"15.05.2020","3,6921","3,5342","3,7101","3,5147","","4,66%"
"14.05.2020","3,5276","3,5297","3,5441","3,4606","","1,23%"
"13.05.2020","3,4846","3,4840","3,5076","3,4550","","0,57%"
"12.05.2020","3,4650","3,4607","3,5254","3,4711","","-1,26%"
"11.05.2020","3,5093","3,5139","3,5628","3,4763","","-0,56%"
"08.05.2020","3,5290","3,5129","3,5794","3,4701","","1,14%"
"07.05.2020","3,4893","3,5081","3,5334","3,4343","","1,52%"
"06.05.2020","3,4370","3,4350","3,4842","3,3916","","1,01%"
"05.05.2020","3,4027","3,3968","3,4186","3,3325","","1,43%"
"04.05.2020","3,3548","3,3447","3,4022","3,3382","","-0,73%"
"01.05.2020","3,3794","3,3641","3,3895","3,3171","","0,87%"
"30.04.2020","3,3503","3,3555","3,4720","3,3215","","-1,75%"
"29.04.2020","3,4101","3,4108","3,4338","3,3780","","0,32%"
"28.04.2020","3,3991","3,3995","3,4249","3,3558","","0,11%"
"27.04.2020","3,3952","3,4061","3,4350","3,3789","","-0,50%"
"24.04.2020","3,4123","3,4082","3,4491","3,3818","","-0,29%"
"23.04.2020","3,4223","3,4190","3,4541","3,3634","","1,59%"
"22.04.2020","3,3689","3,3841","3,4033","3,2924","","1,48%"
"21.04.2020","3,3197","3,3389","3,4281","3,2741","","-2,46%"
"20.04.2020","3,4033","3,4165","3,4481","3,3405","","0,52%"
"17.04.2020","3,3857","3,4472","3,4668","3,3260","","-1,54%"
"16.04.2020","3,4387","3,4495","3,4734","3,4005","","0,66%"
"15.04.2020","3,4161","3,4253","3,4552","3,3879","","-0,44%"
"14.04.2020","3,4311","3,4461","3,4707","3,3440","","2,08%"
"13.04.2020","3,3612","3,3449","3,3810","3,2757","","1,39%"
"10.04.2020","3,3150","3,3150","3,3150","3,3150","","0,00%"
"09.04.2020","3,3150","3,2617","3,3179","3,2605","","1,98%"
"08.04.2020","3,2505","3,2407","3,2997","3,2399","","0,10%"
"07.04.2020","3,2474","3,2561","3,3291","3,2412","","-2,87%"
"06.04.2020","3,3435","3,2593","3,3496","3,1062","","7,24%"
"03.04.2020","3,1177","3,0852","3,1338","3,0687","","1,81%"
"02.04.2020","3,0622","3,0749","3,1092","3,0014","","1,83%"
"01.04.2020","3,0071","2,9962","3,0333","2,9620","","1,86%"
"31.03.2020","2,9523","2,9564","3,0082","2,9306","","-0,21%"
"30.03.2020","2,9584","2,9687","3,0007","2,8945","","-1,14%"
"27.03.2020","2,9925","2,9600","3,0140","2,9541","","0,81%"
"26.03.2020","2,9685","2,9558","3,0238","2,8058","","0,34%"
"25.03.2020","2,9583","3,0034","3,0520","2,9048","","-2,22%"
"24.03.2020","3,0256","2,9838","3,0488","2,7764","","5,85%"
"23.03.2020","2,8584","2,7925","2,9071","2,6225","","7,66%"
"20.03.2020","2,6551","2,5507","2,7129","2,5507","","4,90%"
"19.03.2020","2,5310","2,5315","2,5755","2,4668","","0,91%"
"18.03.2020","2,5081","2,4855","2,6533","2,4289","","-4,23%"
"17.03.2020","2,6188","2,5926","2,7384","2,5324","","-2,79%"
"16.03.2020","2,6941","2,6455","2,9983","2,4351","","-10,35%"
"13.03.2020","3,0050","3,1908","3,2089","2,9444","","-5,09%"
"12.03.2020","3,1662","3,1824","3,3806","3,1524","","-5,26%"
"11.03.2020","3,3419","3,3427","3,3951","3,3321","","-0,54%"
"10.03.2020","3,3600","3,3445","3,3868","3,3293","","1,25%"
"09.03.2020","3,3184","3,3417","3,4498","3,2828","","-2,48%"
"06.03.2020","3,4027","3,4323","3,4418","3,3460","","-0,40%"
"05.03.2020","3,4162","3,4164","3,4351","3,3538","","1,77%"
"04.03.2020","3,3568","3,3542","3,4138","3,3419","","-0,82%"
"03.03.2020","3,3846","3,3747","3,4035","3,3202","","0,85%"
"02.03.2020","3,3560","3,3399","3,4181","3,3021","","0,26%"
"28.02.2020","3,3474","3,5511","3,5681","3,2918","","-5,71%"
"27.02.2020","3,5501","3,5402","3,5929","3,5149","","0,26%"
"26.02.2020","3,5408","3,5419","3,6047","3,5268","","-0,33%"
"25.02.2020","3,5526","3,5451","3,6673","3,5345","","-2,85%"
"24.02.2020","3,6568","3,6591","3,7400","3,6458","","1,38%"
"21.02.2020","3,6070","3,6070","3,6628","3,6052","","0,02%"
"20.02.2020","3,6063","3,5932","3,6157","3,5675","","0,16%"
"19.02.2020","3,6006","3,5967","3,6099","3,5407","","1,89%"
"18.02.2020","3,5338","3,5356","3,5552","3,4631","","2,19%"
"17.02.2020","3,4582","3,4504","3,4808","3,4479","","0,09%"
"14.02.2020","3,4551","3,4302","3,4682","3,4248","","0,96%"
"13.02.2020","3,4224","3,4196","3,4555","3,4043","","0,87%"
"12.02.2020","3,3930","3,3919","3,4228","3,3843","","-0,35%"
"11.02.2020","3,4050","3,4041","3,4514","3,3988","","-0,68%"
"10.02.2020","3,4284","3,4291","3,4530","3,4042","","0,22%"
"07.02.2020","3,4210","3,4304","3,4563","3,4040","","-0,18%"
"06.02.2020","3,4271","3,4220","3,4416","3,3878","","1,31%"
"05.02.2020","3,3828","3,3824","3,4111","3,3667","","0,19%"
"04.02.2020","3,3764","3,3747","3,4221","3,3669","","-0,74%"
"03.02.2020","3,4016","3,3938","3,4759","3,3872","","-1,93%"
"31.01.2020","3,4686","3,4275","3,4791","3,4208","","1,29%"
"30.01.2020","3,4244","3,4241","3,4704","3,3668","","1,99%"
"29.01.2020","3,3576","3,3532","3,3700","3,3216","","0,63%"
"28.01.2020","3,3366","3,3308","3,4632","3,3320","","-3,31%"
"27.01.2020","3,4507","3,4512","3,5057","3,4503","","-0,20%"
"24.01.2020","3,4577","3,3882","3,4670","3,3853","","2,10%"
"23.01.2020","3,3866","3,3886","3,4127","3,3582","","-0,45%"
"22.01.2020","3,4019","3,3919","3,4129","3,3763","","0,32%"
"21.01.2020","3,3910","3,3880","3,4588","3,3637","","-1,26%"
"20.01.2020","3,4344","3,4290","3,4418","3,4114","","0,61%"
"17.01.2020","3,4135","3,3811","3,4361","3,3724","","1,34%"
"16.01.2020","3,3685","3,3733","3,4102","3,3732","","-0,95%"
"15.01.2020","3,4009","3,4031","3,4071","3,3604","","1,04%"
"14.01.2020","3,3659","3,3609","3,3833","3,3426","","-0,48%"
"13.01.2020","3,3822","3,3850","3,4168","3,3768","","-1,16%"
"10.01.2020","3,4218","3,3863","3,4293","3,3727","","1,41%"
"09.01.2020","3,3743","3,3723","3,4578","3,3608","","-2,60%"
"08.01.2020","3,4643","3,4599","3,6159","3,4297","","-2,52%"
"07.01.2020","3,5539","3,5256","3,5727","3,4454","","2,28%"
"06.01.2020","3,4747","3,4826","3,5531","3,4615","","0,27%"
"03.01.2020","3,4654","3,4548","3,5069","3,4511","","0,59%"
"02.01.2020","3,4452","3,4464","3,4667","3,4139","","0,72%"
"01.01.2020","3,4207","3,4102","3,4268","3,4180","","0,01%"